Workbook
Name ___: ForPullDownList!$A$2
Name _______: ForPullDownList!$A$26
Name _1A1B1: ForPullDownList!$K$75:$K$77
Name _1A1B2: ForPullDownList!$M$75:$M$77
Name ABCDEFG: ForPullDownList!$N$65:$N$71
Name PRTR2021区分: ForPullDownList!$A$118:$A$766
Name PRTR区分: ForPullDownList!$A$54:$A$57
Name ボンベサイズ: ForPullDownList!$I$88:$I$93
Name 医薬品: ForPullDownList!$A$97:$A$99
Name 医薬品____: ForPullDownList!$B$105
Name 医薬品_一般用医薬品: ForPullDownList!$C$105:$C$108
Name 医薬品_薬局医薬品: ForPullDownList!$D$105:$D$106
Name 医薬品_要指導医薬品: ForPullDownList!$E$105:$E$108
Name 医薬部外品: ForPullDownList!$B$97
Name 医薬部外品____: ForPullDownList!$F$105
Name 医療機器: ForPullDownList!$C$97:$C$100
Name 医療機器_クラスⅠ: ForPullDownList!$G$106
Name 医療機器_クラスⅡ: ForPullDownList!$H$105
Name 医療機器_クラスⅢ: ForPullDownList!$I$105
Name 医療機器_クラスⅣ: ForPullDownList!$J$105
Name 化粧品: ForPullDownList!$D$97
Name 化粧品____: ForPullDownList!$K$105
Name 可燃性又は引火性ガス: ForPullDownList!$C$65:$C$68
Name 管理方法: ForPullDownList!$P$38:$P$40
Name 眼刺激性: ForPullDownList!$I$75:$I$77
Name 期間単位: ForPullDownList!$O$54:$O$57
Name 権限: #REF!
Name 高圧ガス: ForPullDownList!$H$65:$H$68
Name 高圧ガス管理方法: ForPullDownList!$K$88:$K$89
Name 高圧ガス区分: ForPullDownList!$A$88:$A$92
Name 高圧ガス種別: ForPullDownList!$G$89:$G$91
Name 高圧ガス毒性: ForPullDownList!$E$88:$E$90
Name 高圧ガス燃焼性: ForPullDownList!$C$88:$C$91
Name 再生医療等製品: ForPullDownList!$E$97
Name 再生医療等製品____: ForPullDownList!$L$105
Name 指定可燃物: ForPullDownList!$H$2:$H$13
Name 指定可燃物____: ForPullDownList!$BK$26
Name 指定可燃物_ぼろ及び紙くず: ForPullDownList!$BN$26
Name 指定可燃物_わら類: ForPullDownList!$BP$26
Name 指定可燃物_可燃性液体類: ForPullDownList!$BT$26
Name 指定可燃物_可燃性固体類: ForPullDownList!$BR$26
Name 指定可燃物_合成樹脂類: ForPullDownList!$BV$26:$BV$27
Name 指定可燃物_再生資源燃料: ForPullDownList!$BQ$26
Name 指定可燃物_糸類: ForPullDownList!$BO$26
Name 指定可燃物_石炭・木炭類: ForPullDownList!$BS$26
Name 指定可燃物_綿花類: ForPullDownList!$BL$26
Name 指定可燃物_木材加工品及び木くず: ForPullDownList!$BU$26
Name 指定可燃物_木毛及びかんなくず: ForPullDownList!$BM$26
Name 指定数量_類別: ForPullDownList!$A$1:$H$1
Name 水濁法区分: ForPullDownList!$I$54:$I$55
Name 数字12: ForPullDownList!$L$65:$L$66
Name 数字123: ForPullDownList!$C$75:$C$77
Name 数字1234: ForPullDownList!$E$75:$E$78
Name 生殖毒性: ForPullDownList!$O$75:$O$77
Name 体外診断用医薬品: ForPullDownList!$F$97
Name 体外診断用医薬品____: ForPullDownList!$M$105
Name 大防法区分: ForPullDownList!$K$54:$K$58
Name 第1類: ForPullDownList!$B$2:$B$13
Name 第1類____: ForPullDownList!$B$26:$B$29
Name 第1類_その他のもので政令で定めるもの: ForPullDownList!$C$26:$C$28

Sheet ForPullDownList
A1: --- | B1: 第1類 | C1: 第2類 | D1: 第3類 | E1: 第4類 | F1: 第5類 | G1: 第6類 | H1: 指定可燃物
A2: --- | B2: --- | C2: --- | D2: --- | E2: --- | F2: --- | G2: --- | H2: ---
B3: その他のもので政令で定めるもの | C3: その他のもので政令で定めるもの | D3: その他のもので政令で定めるもの | E3: 特殊引火物 | F3: その他のもので政令で定めるもの | G3: その他のもので政令で定めるもの | H3: 綿花類
B4: 前各号に掲げるもののいずれかを含有するもの | C4: 前各号に掲げるもののいずれかを含有するもの | D4: 前各号に掲げるもののいずれかを含有するもの | E4: 第1石油類 | F4: 前各号に掲げるもののいずれかを含有するもの | G4: 前各号に掲げるもののいずれかを含有するもの | H4: 木毛及びかんなくず
B5: よう素酸塩類 | C5: マグネシウム | D5: アルカリ金属（カリウム及びナトリウムを除く）及びアルカリ土類金属 | E5: アルコール類 | F5: 有機過酸化物 | G5: 過塩素酸 | H5: ぼろ及び紙くず
B6: 亜塩素酸塩類 | C6: 引火性固体 | D6: 有機金属化合物（アルキルアルミニウム及びアルキルリチウムを除く） | E6: 第2石油類 | F6: 硝酸エステル類 | G6: 過酸化水素 | H6: 糸類
B7: 塩素酸塩類 | C7: 金属粉 | D7: 金属の水素化物 | E7: 第3石油類 | F7: ニトロ化合物 | G7: 硝酸 | H7: わら類
B8: 過マンガン酸塩類 | C8: 赤りん | D8: 金属のりん化物 | E8: 第4石油類 | F8: ニトロソ化合物 | H8: 再生資源燃料
B9: 過塩素酸塩類 | C9: 鉄粉 | D9: カルシウム又はアルミニウムの炭化物 | E9: 動植物油類 | F9: アゾ化合物 | H9: 可燃性固体類
B10: 臭素酸塩類 | C10: 硫黄 | D10: アルキルアルミニウム | F10: ジアゾ化合物 | H10: 石炭・木炭類
B11: 重クロム酸塩類 | C11: 硫化りん | D11: アルキルリチウム | F11: ヒドラジンの誘導体 | H11: 可燃性液体類
B12: 硝酸塩類 | D12: カリウム | F12: ヒドロキシルアミン | H12: 木材加工品及び木くず
B13: 無機過酸化物 | D13: ナトリウム | F13: ヒドロキシルアミン塩類 | H13: 合成樹脂類
D14: 黄りん
A24: --- | B24: 第1類 | N24: 第2類 | X24: 第3類 | AK24: 第4類 | AS24: 第5類 | BE24: 第6類 | BK24: 指定可燃物
A25: --- | B25: --- | C25: その他のもので政令で定めるもの | D25: 前各号に掲げるもののいずれかを含有するもの | E25: よう素酸塩類 | F25: 亜塩素酸塩類 | G25: 塩素酸塩類 | H25: 過マンガン酸塩類 | I25: 過塩素酸塩類 | J25: 臭素酸塩類 | K25: 重クロム酸塩類 | L25: 硝酸塩類 | M25: 無機過酸化物 | N25: --- | O25: その他のもので政令で定めるもの | P25: 前各号に掲げるもののいずれかを含有するもの | Q25: マグネシウム | R25: 引火性固体 | S25: 金属粉 | T25: 赤りん | U25: 鉄粉 | V25: 硫黄 | W25: 硫化りん | X25: --- | Y25: その他のもので政令で定めるもの | Z25: 前各号に掲げるもののいずれかを含有するもの | AA25: アルカリ金属（カリウム及びナトリウムを除く）及びアルカリ土類金属 | AB25: 有機金属化合物（アルキルアルミニウム及びアルキルリチウムを除く） | AC25: 金属の水素化物 | AD25: 金属のりん化物 | AE25: カルシウム又はアルミニウムの炭化物 | AF25: アルキルアルミニウム | AG25: アルキルリチウム | AH25: カリウム | AI25: ナトリウム | AJ25: 黄りん | AK25: --- | AL25: 特殊引火物 | AM25: 第1石油類 | AN25: アルコール類 | AO25: 第2石油類 | AP25: 第3石油類 | AQ25: 第4石油類 | AR25: 動植物油類 | AS25: --- | AT25: その他のもので政令で定めるもの | AU25: 前各号に掲げるもののいずれかを含有するもの | AV25: 有機過酸化物 | AW25: 硝酸エステル類 | AX25: ニトロ化合物 | AY25: ニトロソ化合物 | AZ25: アゾ化合物 | BA25: ジアゾ化合物 | BB25: ヒドラジンの誘導体 | BC25: ヒドロキシルアミン | BD25: ヒドロキシルアミン塩類 | BE25: --- | BF25: その他のもので政令で定めるもの | BG25: 前各号に掲げるもののいずれかを含有するもの | BH25: 過塩素酸 | BI25: 過酸化水素 | BJ25: 硝酸 | BK25: --- | BL25: 綿花類 | BM25: 木毛及びかんなくず | BN25: ぼろ及び紙くず | BO25: 糸類 | BP25: わら類 | BQ25: 再生資源燃料 | BR25: 可燃性固体類 | BS25: 石炭・木炭類 | BT25: 可燃性液体類 | BU25: 木材加工品及び木くず | BV25: 合成樹脂類
A26: --- | B26: --- | C26: 第1種 | D26: 第1種 | E26: 第1種 | F26: 第1種 | G26: 第1種 | H26: 第1種 | I26: 第1種 | J26: 第1種 | K26: 第1種 | L26: 第1種 | M26: 第1種 | N26: --- | O26: 第1種 | P26: 第1種 | Q26: 第1種 | S26: 第1種 | X26: --- | Y26: 第1種 | Z26: 第1種 | AA26: 第1種 | AB26: 第1種 | AC26: 第1種 | AD26: 第1種 | AE26: 第1種 | AK26: --- | AM26: 水溶性 | AO26: 水溶性 | AP26: 水溶性 | AS26: --- | AT26: 第1種 | AU26: 第1種 | AV26: 第1種 | AW26: 第1種 | AX26: 第1種 | AY26: 第1種 | AZ26: 第1種 | BA26: 第1種 | BB26: 第1種 | BC26: 第1種 | BD26: 第1種 | BE26: --- | BK26: --- | BV26: 発砲させたもの
B27: 第1種 | C27: 第2種 | D27: 第2種 | E27: 第2種 | F27: 第2種 | G27: 第2種 | H27: 第2種 | I27: 第2種 | J27: 第2種 | K27: 第2種 | L27: 第2種 | M27: 第2種 | O27: 第2種 | P27: 第2種 | Q27: 第2種 | S27: 第2種 | Y27: 第2種 | Z27: 第2種 | AA27: 第2種 | AB27: 第2種 | AC27: 第2種 | AD27: 第2種 | AE27: 第2種 | AM27: 非水溶性 | AO27: 非水溶性 | AP27: 非水溶性 | AS27: 第1種 | AT27: 第2種 | AU27: 第2種 | AV27: 第2種 | AW27: 第2種 | AX27: 第2種 | AY27: 第2種 | AZ27: 第2種 | BA27: 第2種 | BB27: 第2種 | BC27: 第2種 | BD27: 第2種 | BV27: その他のもの
B28: 第2種 | C28: 第3種 | D28: 第3種 | E28: 第3種 | F28: 第3種 | G28: 第3種 | H28: 第3種 | I28: 第3種 | J28: 第3種 | K28: 第3種 | L28: 第3種 | M28: 第3種 | Y28: 第3種 | Z28: 第3種 | AA28: 第3種 | AB28: 第3種 | AC28: 第3種 | AD28: 第3種 | AE28: 第3種 | AS28: 第2種
B29: 第3種
A37: 毒劇法区分 | C37: 編集可否1 | E37: 労安衛法特化則類別 | H37: 労安衛法特化則区分 | M37: 労安衛法有機則種別 | P37: 管理方法 | S37: 保管場所 | U37: 所属 | W37: カスタム法規1 | Y37: カスタム法規2 | AA37: メーカー | AC37: メーカーリスト | AE37: フラグリスト | AG37: 権限 | AI37: ユーザー | AK37: カスタム法規3 | AM37: カスタム法規4 | AO37: カスタム法規5 | AQ37: カスタム法規6
A38: 毒物 | C38: 閲覧・編集 | E38: 第1類 | H38: 労安衛法特化則_第1類 | I38: 労安衛法特化則_第2類 | J38: 労安衛法特化則_第3類 | M38: 第1種 | P38: 重量管理 | S38: =MAX(INDEX((LEN(#REF!)>0)*ROW(#REF!),0))-2 -> #REF! | U38: {=MAX(INDEX((LEN(#REF!)>0)*ROW(#REF!),0))-2} -> #REF! | W38: =MAX(INDEX((LEN(#REF!)>0)*ROW(#REF!),0))-5 -> #REF! | Y38: =MAX(INDEX((LEN(#REF!)>0)*ROW(#REF!),0))-5 -> #REF! | AA38: =MAX(INDEX((LEN(#REF!)>0)*ROW(#REF!),0))-2 -> #REF! | AG38: {=MAX(INDEX((LEN(#REF!)>0)*ROW(#REF!),0))-2} -> #REF! | AI38: {=MAX(INDEX((LEN(#REF!)>0)*ROW(#REF!),0))-3} -> #REF! | AK38: {=MAX(INDEX((LEN(#REF!)>0)*ROW(#REF!),0))-5} -> #REF! | AM38: {=MAX(INDEX((LEN(#REF!)>0)*ROW(#REF!),0))-5} -> #REF! | AO38: {=MAX(INDEX((LEN(#REF!)>0)*ROW(#REF!),0))-5} -> #REF! | AQ38: {=MAX(INDEX((LEN(#REF!)>0)*ROW(#REF!),0))-5} -> #REF!
A39: 劇物 | C39: 不可 | E39: 第2類 | I39: 特定 | M39: 第2種 | P39: 本数管理 | S39: =#REF!&"／"&#REF!&"／"&#REF! -> #REF! | U39: =#REF!&"／"&#REF!&"／"&#REF! -> #REF! | W39: =#REF!&"／"&#REF!&"／"&#REF! -> #REF! | Y39: =#REF!&"／"&#REF!&"／"&#REF! -> #REF! | AA39: =#REF! -> #REF! | AB39: =IF(COUNTIF($AA$39:AA39,AA39)=1,ROW(),"") -> 39 | AC39: =IF(COUNT($AB$39:$AB$100)>=ROW()-38,INDEX($AA$39:$AA$100,MATCH(SMALL($AB$39:$AB$100,ROW(A1)),$AB$39:$AB$100,0)),"") -> #REF! | AE39: 0 | AG39: =#REF! -> #REF! | AI39: =#REF! -> #REF! | AK39: =#REF!&"／"&#REF!&"／"&#REF! -> #REF! | AM39: =#REF!&"／"&#REF!&"／"&#REF! -> #REF! | AO39: =#REF!&"／"&#REF!&"／"&#REF! -> #REF! | AQ39: =#REF!&"／"&#REF!&"／"&#REF! -> #REF!
A40: 特定毒物 | E40: 第3類 | I40: オーラミン等 | M40: 第3種 | P40: 指定なし | S40: =#REF!&"／"&#REF!&"／"&#REF! -> #REF! | U40: =#REF!&"／"&#REF!&"／"&#REF! -> #REF! | W40: =#REF!&"／"&#REF!&"／"&#REF! -> #REF! | Y40: =#REF!&"／"&#REF!&"／"&#REF! -> #REF! | AA40: =#REF! -> #REF! | AB40: =IF(COUNTIF($AA$39:AA40,AA40)=1,ROW(),"") | AC40: =IF(COUNT($AB$39:$AB$100)>=ROW()-38,INDEX($AA$39:$AA$100,MATCH(SMALL($AB$39:$AB$100,ROW(A2)),$AB$39:$AB$100,0)),"") | AE40: 1 | AG40: =#REF! -> #REF! | AI40: =#REF! -> #REF! | AK40: =#REF!&"／"&#REF!&"／"&#REF! -> #REF! | AM40: =#REF!&"／"&#REF!&"／"&#REF! -> #REF! | AO40: =#REF!&"／"&#REF!&"／"&#REF! -> #REF! | AQ40: =#REF!&"／"&#REF!&"／"&#REF! -> #REF!
C41: 編集可否2 | I41: 特別有機溶剤等 | S41: =#REF!&"／"&#REF!&"／"&#REF! -> #REF! | U41: =#REF!&"／"&#REF!&"／"&#REF! -> #REF! | W41: =#REF!&"／"&#REF!&"／"&#REF! -> #REF! | Y41: =#REF!&"／"&#REF!&"／"&#REF! -> #REF! | AA41: =#REF! -> #REF! | AB41: =IF(COUNTIF($AA$39:AA41,AA41)=1,ROW(),"") | AC41: =IF(COUNT($AB$39:$AB$100)>=ROW()-38,INDEX($AA$39:$AA$100,MATCH(SMALL($AB$39:$AB$100,ROW(A3)),$AB$39:$AB$100,0)),"") | AG41: =#REF! -> #REF! | AI41: =#REF! -> #REF! | AK41: =#REF!&"／"&#REF!&"／"&#REF! -> #REF! | AM41: =#REF!&"／"&#REF!&"／"&#REF! -> #REF! | AO41: =#REF!&"／"&#REF!&"／"&#REF! -> #REF! | AQ41: =#REF!&"／"&#REF!&"／"&#REF! -> #REF!
C42: 閲覧・編集 | I42: 管理 | S42: =#REF!&"／"&#REF!&"／"&#REF! -> #REF! | U42: =#REF!&"／"&#REF!&"／"&#REF! -> #REF! | W42: =#REF!&"／"&#REF!&"／"&#REF! -> #REF! | Y42: =#REF!&"／"&#REF!&"／"&#REF! -> #REF! | AA42: =#REF! -> #REF! | AB42: =IF(COUNTIF($AA$39:AA42,AA42)=1,ROW(),"") | AC42: =IF(COUNT($AB$39:$AB$100)>=ROW()-38,INDEX($AA$39:$AA$100,MATCH(SMALL($AB$39:$AB$100,ROW(A4)),$AB$39:$AB$100,0)),"") | AG42: =#REF! -> #REF! | AI42: =#REF! -> #REF! | AK42: =#REF!&"／"&#REF!&"／"&#REF! -> #REF! | AM42: =#REF!&"／"&#REF!&"／"&#REF! -> #REF! | AO42: =#REF!&"／"&#REF!&"／"&#REF! -> #REF! | AQ42: =#REF!&"／"&#REF!&"／"&#REF! -> #REF!
C43: 閲覧のみ | S43: =#REF!&"／"&#REF!&"／"&#REF! -> #REF! | U43: =#REF!&"／"&#REF!&"／"&#REF! -> #REF! | W43: =#REF!&"／"&#REF!&"／"&#REF! -> #REF! | Y43: =#REF!&"／"&#REF!&"／"&#REF! -> #REF! | AA43: =#REF! -> #REF! | AB43: =IF(COUNTIF($AA$39:AA43,AA43)=1,ROW(),"") | AC43: =IF(COUNT($AB$39:$AB$100)>=ROW()-38,INDEX($AA$39:$AA$100,MATCH(SMALL($AB$39:$AB$100,ROW(A5)),$AB$39:$AB$100,0)),"") | AG43: =#REF! -> #REF! | AI43: =#REF! -> #REF! | AK43: =#REF!&"／"&#REF!&"／"&#REF! -> #REF! | AM43: =#REF!&"／"&#REF!&"／"&#REF! -> #REF! | AO43: =#REF!&"／"&#REF!&"／"&#REF! -> #REF! | AQ43: =#REF!&"／"&#REF!&"／"&#REF! -> #REF!
C44: 不可 | S44: =#REF!&"／"&#REF!&"／"&#REF! -> #REF! | U44: =#REF!&"／"&#REF!&"／"&#REF! -> #REF! | W44: =#REF!&"／"&#REF!&"／"&#REF! -> #REF! | Y44: =#REF!&"／"&#REF!&"／"&#REF! -> #REF! | AA44: =#REF! -> #REF! | AB44: =IF(COUNTIF($AA$39:AA44,AA44)=1,ROW(),"") | AC44: =IF(COUNT($AB$39:$AB$100)>=ROW()-38,INDEX($AA$39:$AA$100,MATCH(SMALL($AB$39:$AB$100,ROW(A6)),$AB$39:$AB$100,0)),"") | AG44: =#REF! -> #REF! | AI44: =#REF! -> #REF! | AK44: =#REF!&"／"&#REF!&"／"&#REF! -> #REF! | AM44: =#REF!&"／"&#REF!&"／"&#REF! -> #REF! | AO44: =#REF!&"／"&#REF!&"／"&#REF! -> #REF! | AQ44: =#REF!&"／"&#REF!&"／"&#REF! -> #REF!
S45: =#REF!&"／"&#REF!&"／"&#REF! -> #REF! | U45: =#REF!&"／"&#REF!&"／"&#REF! -> #REF! | W45: =#REF!&"／"&#REF!&"／"&#REF! -> #REF! | Y45: =#REF!&"／"&#REF!&"／"&#REF! -> #REF! | AA45: =#REF! -> #REF! | AB45: =IF(COUNTIF($AA$39:AA45,AA45)=1,ROW(),"") | AC45: =IF(COUNT($AB$39:$AB$100)>=ROW()-38,INDEX($AA$39:$AA$100,MATCH(SMALL($AB$39:$AB$100,ROW(A7)),$AB$39:$AB$100,0)),"") | AG45: =#REF! -> #REF! | AI45: =#REF! -> #REF! | AK45: =#REF!&"／"&#REF!&"／"&#REF! -> #REF! | AM45: =#REF!&"／"&#REF!&"／"&#REF! -> #REF! | AO45: =#REF!&"／"&#REF!&"／"&#REF! -> #REF! | AQ45: =#REF!&"／"&#REF!&"／"&#REF! -> #REF!
C46: 編集可否3 | S46: =#REF!&"／"&#REF!&"／"&#REF! -> #REF! | U46: =#REF!&"／"&#REF!&"／"&#REF! -> #REF! | W46: =#REF!&"／"&#REF!&"／"&#REF! -> #REF! | Y46: =#REF!&"／"&#REF!&"／"&#REF! -> #REF! | AA46: =#REF! -> #REF! | AB46: =IF(COUNTIF($AA$39:AA46,AA46)=1,ROW(),"") | AC46: =IF(COUNT($AB$39:$AB$100)>=ROW()-38,INDEX($AA$39:$AA$100,MATCH(SMALL($AB$39:$AB$100,ROW(A8)),$AB$39:$AB$100,0)),"") | AG46: =#REF! -> #REF! | AI46: =#REF! -> #REF! | AK46: =#REF!&"／"&#REF!&"／"&#REF! -> #REF! | AM46: =#REF!&"／"&#REF!&"／"&#REF! -> #REF! | AO46: =#REF!&"／"&#REF!&"／"&#REF! -> #REF! | AQ46: =#REF!&"／"&#REF!&"／"&#REF! -> #REF!
C47: 可 | S47: =#REF!&"／"&#REF!&"／"&#REF! -> #REF! | U47: =#REF!&"／"&#REF!&"／"&#REF! -> #REF! | W47: =#REF!&"／"&#REF!&"／"&#REF! -> #REF! | Y47: =#REF!&"／"&#REF!&"／"&#REF! -> #REF! | AA47: =#REF! -> #REF! | AB47: =IF(COUNTIF($AA$39:AA47,AA47)=1,ROW(),"") | AC47: =IF(COUNT($AB$39:$AB$100)>=ROW()-38,INDEX($AA$39:$AA$100,MATCH(SMALL($AB$39:$AB$100,ROW(A9)),$AB$39:$AB$100,0)),"") | AG47: =#REF! -> #REF! | AI47: =#REF! -> #REF! | AK47: =#REF!&"／"&#REF!&"／"&#REF! -> #REF! | AM47: =#REF!&"／"&#REF!&"／"&#REF! -> #REF! | AO47: =#REF!&"／"&#REF!&"／"&#REF! -> #REF! | AQ47: =#REF!&"／"&#REF!&"／"&#REF! -> #REF!
C48: 不可 | S48: =#REF!&"／"&#REF!&"／"&#REF! -> #REF! | U48: =#REF!&"／"&#REF!&"／"&#REF! -> #REF! | W48: =#REF!&"／"&#REF!&"／"&#REF! -> #REF! | Y48: =#REF!&"／"&#REF!&"／"&#REF! -> #REF! | AA48: =#REF! -> #REF! | AB48: =IF(COUNTIF($AA$39:AA48,AA48)=1,ROW(),"") | AC48: =IF(COUNT($AB$39:$AB$100)>=ROW()-38,INDEX($AA$39:$AA$100,MATCH(SMALL($AB$39:$AB$100,ROW(A10)),$AB$39:$AB$100,0)),"") | AG48: =#REF! -> #REF! | AI48: =#REF! -> #REF! | AK48: =#REF!&"／"&#REF!&"／"&#REF! -> #REF! | AM48: =#REF!&"／"&#REF!&"／"&#REF! -> #REF! | AO48: =#REF!&"／"&#REF!&"／"&#REF! -> #REF! | AQ48: =#REF!&"／"&#REF!&"／"&#REF! -> #REF!
S49: =#REF!&"／"&#REF!&"／"&#REF! -> #REF! | U49: =#REF!&"／"&#REF!&"／"&#REF! -> #REF! | W49: =#REF!&"／"&#REF!&"／"&#REF! -> #REF! | Y49: =#REF!&"／"&#REF!&"／"&#REF! -> #REF! | AA49: =#REF! -> #REF! | AB49: =IF(COUNTIF($AA$39:AA49,AA49)=1,ROW(),"") | AC49: =IF(COUNT($AB$39:$AB$100)>=ROW()-38,INDEX($AA$39:$AA$100,MATCH(SMALL($AB$39:$AB$100,ROW(A11)),$AB$39:$AB$100,0)),"") | AG49: =#REF! -> #REF! | AI49: =#REF! -> #REF! | AK49: =#REF!&"／"&#REF!&"／"&#REF! -> #REF! | AM49: =#REF!&"／"&#REF!&"／"&#REF! -> #REF! | AO49: =#REF!&"／"&#REF!&"／"&#REF! -> #REF! | AQ49: =#REF!&"／"&#REF!&"／"&#REF! -> #REF!
S50: =#REF!&"／"&#REF!&"／"&#REF! -> #REF! | U50: =#REF!&"／"&#REF!&"／"&#REF! -> #REF! | W50: =#REF!&"／"&#REF!&"／"&#REF! -> #REF! | Y50: =#REF!&"／"&#REF!&"／"&#REF! -> #REF! | AA50: =#REF! -> #REF! | AB50: =IF(COUNTIF($AA$39:AA50,AA50)=1,ROW(),"") | AC50: =IF(COUNT($AB$39:$AB$100)>=ROW()-38,INDEX($AA$39:$AA$100,MATCH(SMALL($AB$39:$AB$100,ROW(A12)),$AB$39:$AB$100,0)),"") | AG50: =#REF! -> #REF! | AI50: =#REF! -> #REF! | AK50: =#REF!&"／"&#REF!&"／"&#REF! -> #REF! | AM50: =#REF!&"／"&#REF!&"／"&#REF! -> #REF! | AO50: =#REF!&"／"&#REF!&"／"&#REF! -> #REF! | AQ50: =#REF!&"／"&#REF!&"／"&#REF! -> #REF!
S51: =#REF!&"／"&#REF!&"／"&#REF! -> #REF! | U51: =#REF!&"／"&#REF!&"／"&#REF! -> #REF! | W51: =#REF!&"／"&#REF!&"／"&#REF! -> #REF! | Y51: =#REF!&"／"&#REF!&"／"&#REF! -> #REF! | AA51: =#REF! -> #REF! | AB51: =IF(COUNTIF($AA$39:AA51,AA51)=1,ROW(),"") | AC51: =IF(COUNT($AB$39:$AB$100)>=ROW()-38,INDEX($AA$39:$AA$100,MATCH(SMALL($AB$39:$AB$100,ROW(A13)),$AB$39:$AB$100,0)),"") | AG51: =#REF! -> #REF! | AI51: =#REF! -> #REF! | AK51: =#REF!&"／"&#REF!&"／"&#REF! -> #REF! | AM51: =#REF!&"／"&#REF!&"／"&#REF! -> #REF! | AO51: =#REF!&"／"&#REF!&"／"&#REF! -> #REF! | AQ51: =#REF!&"／"&#REF!&"／"&#REF! -> #REF!
S52: =#REF!&"／"&#REF!&"／"&#REF! -> #REF! | U52: =#REF!&"／"&#REF!&"／"&#REF! -> #REF! | W52: =#REF!&"／"&#REF!&"／"&#REF! -> #REF! | Y52: =#REF!&"／"&#REF!&"／"&#REF! -> #REF! | AA52: =#REF! -> #REF! | AB52: =IF(COUNTIF($AA$39:AA52,AA52)=1,ROW(),"") | AC52: =IF(COUNT($AB$39:$AB$100)>=ROW()-38,INDEX($AA$39:$AA$100,MATCH(SMALL($AB$39:$AB$100,ROW(A14)),$AB$39:$AB$100,0)),"") | AG52: =#REF! -> #REF! | AI52: =#REF! -> #REF! | AK52: =#REF!&"／"&#REF!&"／"&#REF! -> #REF! | AM52: =#REF!&"／"&#REF!&"／"&#REF! -> #REF! | AO52: =#REF!&"／"&#REF!&"／"&#REF! -> #REF! | AQ52: =#REF!&"／"&#REF!&"／"&#REF! -> #REF!
A53: PRTR区分 | F53: 麻薬及び向精神薬取締法区分 | I53: 水濁法区分 | K53: 大防法区分 | O53: 期間単位 | Q53: 密度単位 | S53: =#REF!&"／"&#REF!&"／"&#REF! -> #REF! | U53: =#REF!&"／"&#REF!&"／"&#REF! -> #REF! | W53: =#REF!&"／"&#REF!&"／"&#REF! -> #REF! | Y53: =#REF!&"／"&#REF!&"／"&#REF! -> #REF! | AA53: =#REF! -> #REF! | AB53: =IF(COUNTIF($AA$39:AA53,AA53)=1,ROW(),"") | AC53: =IF(COUNT($AB$39:$AB$100)>=ROW()-38,INDEX($AA$39:$AA$100,MATCH(SMALL($AB$39:$AB$100,ROW(A15)),$AB$39:$AB$100,0)),"") | AG53: =#REF! -> #REF! | AI53: =#REF! -> #REF! | AK53: =#REF!&"／"&#REF!&"／"&#REF! -> #REF! | AM53: =#REF!&"／"&#REF!&"／"&#REF! -> #REF! | AO53: =#REF!&"／"&#REF!&"／"&#REF! -> #REF! | AQ53: =#REF!&"／"&#REF!&"／"&#REF! -> #REF!
A54: 第1種 | F54: 特定麻薬向精神薬原料 | I54: 有害物質 | K54: 揮発性有機化合物（VOC） | O54: 日 | Q54: g/ml | S54: =#REF!&"／"&#REF!&"／"&#REF! -> #REF! | U54: =#REF!&"／"&#REF!&"／"&#REF! -> #REF! | W54: =#REF!&"／"&#REF!&"／"&#REF! -> #REF! | Y54: =#REF!&"／"&#REF!&"／"&#REF! -> #REF! | AA54: =#REF! -> #REF! | AB54: =IF(COUNTIF($AA$39:AA54,AA54)=1,ROW(),"") | AC54: =IF(COUNT($AB$39:$AB$100)>=ROW()-38,INDEX($AA$39:$AA$100,MATCH(SMALL($AB$39:$AB$100,ROW(A16)),$AB$39:$AB$100,0)),"") | AG54: =#REF! -> #REF! | AI54: =#REF! -> #REF! | AK54: =#REF!&"／"&#REF!&"／"&#REF! -> #REF! | AM54: =#REF!&"／"&#REF!&"／"&#REF! -> #REF! | AO54: =#REF!&"／"&#REF!&"／"&#REF! -> #REF! | AQ54: =#REF!&"／"&#REF!&"／"&#REF! -> #REF!
A55: 特定第1種 | F55: 麻薬向精神薬原料 | I55: 指定物質 | K55: 有害大気汚染物質 | O55: 週 | Q55: g/l | S55: =#REF!&"／"&#REF!&"／"&#REF! -> #REF! | U55: =#REF!&"／"&#REF!&"／"&#REF! -> #REF! | W55: =#REF!&"／"&#REF!&"／"&#REF! -> #REF! | Y55: =#REF!&"／"&#REF!&"／"&#REF! -> #REF! | AA55: =#REF! -> #REF! | AB55: =IF(COUNTIF($AA$39:AA55,AA55)=1,ROW(),"") | AC55: =IF(COUNT($AB$39:$AB$100)>=ROW()-38,INDEX($AA$39:$AA$100,MATCH(SMALL($AB$39:$AB$100,ROW(A17)),$AB$39:$AB$100,0)),"") | AG55: =#REF! -> #REF! | AI55: =#REF! -> #REF! | AK55: =#REF!&"／"&#REF!&"／"&#REF! -> #REF! | AM55: =#REF!&"／"&#REF!&"／"&#REF! -> #REF! | AO55: =#REF!&"／"&#REF!&"／"&#REF! -> #REF! | AQ55: =#REF!&"／"&#REF!&"／"&#REF! -> #REF!
A56: 第2種 | F56: 麻薬 | K56: 有害大気汚染物質-優先取組 | O56: 月 | S56: =#REF!&"／"&#REF!&"／"&#REF! -> #REF! | U56: =#REF!&"／"&#REF!&"／"&#REF! -> #REF! | W56: =#REF!&"／"&#REF!&"／"&#REF! -> #REF! | Y56: =#REF!&"／"&#REF!&"／"&#REF! -> #REF! | AA56: =#REF! -> #REF! | AB56: =IF(COUNTIF($AA$39:AA56,AA56)=1,ROW(),"") | AC56: =IF(COUNT($AB$39:$AB$100)>=ROW()-38,INDEX($AA$39:$AA$100,MATCH(SMALL($AB$39:$AB$100,ROW(A18)),$AB$39:$AB$100,0)),"") | AG56: =#REF! -> #REF! | AI56: =#REF! -> #REF! | AK56: =#REF!&"／"&#REF!&"／"&#REF! -> #REF! | AM56: =#REF!&"／"&#REF!&"／"&#REF! -> #REF! | AO56: =#REF!&"／"&#REF!&"／"&#REF! -> #REF! | AQ56: =#REF!&"／"&#REF!&"／"&#REF! -> #REF!
F57: 向精神薬-第1種 | K57: 指定物質 | O57: 年 | S57: =#REF!&"／"&#REF!&"／"&#REF! -> #REF! | U57: =#REF!&"／"&#REF!&"／"&#REF! -> #REF! | W57: =#REF!&"／"&#REF!&"／"&#REF! -> #REF! | Y57: =#REF!&"／"&#REF!&"／"&#REF! -> #REF! | AA57: =#REF! -> #REF! | AB57: =IF(COUNTIF($AA$39:AA57,AA57)=1,ROW(),"") | AC57: =IF(COUNT($AB$39:$AB$100)>=ROW()-38,INDEX($AA$39:$AA$100,MATCH(SMALL($AB$39:$AB$100,ROW(A19)),$AB$39:$AB$100,0)),"") | AG57: =#REF! -> #REF! | AI57: =#REF! -> #REF! | AK57: =#REF!&"／"&#REF!&"／"&#REF! -> #REF! | AM57: =#REF!&"／"&#REF!&"／"&#REF! -> #REF! | AO57: =#REF!&"／"&#REF!&"／"&#REF! -> #REF! | AQ57: =#REF!&"／"&#REF!&"／"&#REF! -> #REF!
F58: 向精神薬-第2種 | K58: 特定物質 | S58: =#REF!&"／"&#REF!&"／"&#REF! -> #REF! | U58: =#REF!&"／"&#REF!&"／"&#REF! -> #REF! | W58: =#REF!&"／"&#REF!&"／"&#REF! -> #REF! | Y58: =#REF!&"／"&#REF!&"／"&#REF! -> #REF! | AA58: =#REF! -> #REF! | AB58: =IF(COUNTIF($AA$39:AA58,AA58)=1,ROW(),"") | AC58: =IF(COUNT($AB$39:$AB$100)>=ROW()-38,INDEX($AA$39:$AA$100,MATCH(SMALL($AB$39:$AB$100,ROW(A20)),$AB$39:$AB$100,0)),"") | AG58: =#REF! -> #REF! | AI58: =#REF! -> #REF! | AK58: =#REF!&"／"&#REF!&"／"&#REF! -> #REF! | AM58: =#REF!&"／"&#REF!&"／"&#REF! -> #REF! | AO58: =#REF!&"／"&#REF!&"／"&#REF! -> #REF! | AQ58: =#REF!&"／"&#REF!&"／"&#REF! -> #REF!
F59: 向精神薬-第3種 | S59: =#REF!&"／"&#REF!&"／"&#REF! -> #REF! | U59: =#REF!&"／"&#REF!&"／"&#REF! -> #REF! | W59: =#REF!&"／"&#REF!&"／"&#REF! -> #REF! | Y59: =#REF!&"／"&#REF!&"／"&#REF! -> #REF! | AA59: =#REF! -> #REF! | AB59: =IF(COUNTIF($AA$39:AA59,AA59)=1,ROW(),"") | AC59: =IF(COUNT($AB$39:$AB$100)>=ROW()-38,INDEX($AA$39:$AA$100,MATCH(SMALL($AB$39:$AB$100,ROW(A21)),$AB$39:$AB$100,0)),"") | AG59: =#REF! -> #REF! | AI59: =#REF! -> #REF! | AK59: =#REF!&"／"&#REF!&"／"&#REF! -> #REF! | AM59: =#REF!&"／"&#REF!&"／"&#REF! -> #REF! | AO59: =#REF!&"／"&#REF!&"／"&#REF! -> #REF! | AQ59: =#REF!&"／"&#REF!&"／"&#REF! -> #REF!
S60: =#REF!&"／"&#REF!&"／"&#REF! -> #REF! | U60: =#REF!&"／"&#REF!&"／"&#REF! -> #REF! | W60: =#REF!&"／"&#REF!&"／"&#REF! -> #REF! | Y60: =#REF!&"／"&#REF!&"／"&#REF! -> #REF! | AA60: =#REF! -> #REF! | AB60: =IF(COUNTIF($AA$39:AA60,AA60)=1,ROW(),"") | AC60: =IF(COUNT($AB$39:$AB$100)>=ROW()-38,INDEX($AA$39:$AA$100,MATCH(SMALL($AB$39:$AB$100,ROW(A22)),$AB$39:$AB$100,0)),"") | AG60: =#REF! -> #REF! | AI60: =#REF! -> #REF! | AK60: =#REF!&"／"&#REF!&"／"&#REF! -> #REF! | AM60: =#REF!&"／"&#REF!&"／"&#REF! -> #REF! | AO60: =#REF!&"／"&#REF!&"／"&#REF! -> #REF! | AQ60: =#REF!&"／"&#REF!&"／"&#REF! -> #REF!
S61: =#REF!&"／"&#REF!&"／"&#REF! -> #REF! | U61: =#REF!&"／"&#REF!&"／"&#REF! -> #REF! | W61: =#REF!&"／"&#REF!&"／"&#REF! -> #REF! | Y61: =#REF!&"／"&#REF!&"／"&#REF! -> #REF! | AA61: =#REF! -> #REF! | AB61: =IF(COUNTIF($AA$39:AA61,AA61)=1,ROW(),"") | AC61: =IF(COUNT($AB$39:$AB$100)>=ROW()-38,INDEX($AA$39:$AA$100,MATCH(SMALL($AB$39:$AB$100,ROW(A23)),$AB$39:$AB$100,0)),"") | AG61: =#REF! -> #REF! | AI61: =#REF! -> #REF! | AK61: =#REF!&"／"&#REF!&"／"&#REF! -> #REF! | AM61: =#REF!&"／"&#REF!&"／"&#REF! -> #REF! | AO61: =#REF!&"／"&#REF!&"／"&#REF! -> #REF! | AQ61: =#REF!&"／"&#REF!&"／"&#REF! -> #REF!
S62: =#REF!&"／"&#REF!&"／"&#REF! -> #REF! | U62: =#REF!&"／"&#REF!&"／"&#REF! -> #REF! | W62: =#REF!&"／"&#REF!&"／"&#REF! -> #REF! | Y62: =#REF!&"／"&#REF!&"／"&#REF! -> #REF! | AA62: =#REF! -> #REF! | AB62: =IF(COUNTIF($AA$39:AA62,AA62)=1,ROW(),"") | AC62: =IF(COUNT($AB$39:$AB$100)>=ROW()-38,INDEX($AA$39:$AA$100,MATCH(SMALL($AB$39:$AB$100,ROW(A24)),$AB$39:$AB$100,0)),"") | AG62: =#REF! -> #REF! | AI62: =#REF! -> #REF! | AK62: =#REF!&"／"&#REF!&"／"&#REF! -> #REF! | AM62: =#REF!&"／"&#REF!&"／"&#REF! -> #REF! | AO62: =#REF!&"／"&#REF!&"／"&#REF! -> #REF! | AQ62: =#REF!&"／"&#REF!&"／"&#REF! -> #REF!
S63: =#REF!&"／"&#REF!&"／"&#REF! -> #REF! | U63: =#REF!&"／"&#REF!&"／"&#REF! -> #REF! | W63: =#REF!&"／"&#REF!&"／"&#REF! -> #REF! | Y63: =#REF!&"／"&#REF!&"／"&#REF! -> #REF! | AA63: =#REF! -> #REF! | AB63: =IF(COUNTIF($AA$39:AA63,AA63)=1,ROW(),"") | AC63: =IF(COUNT($AB$39:$AB$100)>=ROW()-38,INDEX($AA$39:$AA$100,MATCH(SMALL($AB$39:$AB$100,ROW(A25)),$AB$39:$AB$100,0)),"") | AG63: =#REF! -> #REF! | AI63: =#REF! -> #REF! | AK63: =#REF!&"／"&#REF!&"／"&#REF! -> #REF! | AM63: =#REF!&"／"&#REF!&"／"&#REF! -> #REF! | AO63: =#REF!&"／"&#REF!&"／"&#REF! -> #REF! | AQ63: =#REF!&"／"&#REF!&"／"&#REF! -> #REF!
A64: 爆発物 | C64: 可燃性又は引火性ガス | H64: 高圧ガス | L64: 数字12 | N64: ABCDEFG | S64: =#REF!&"／"&#REF!&"／"&#REF! -> #REF! | U64: =#REF!&"／"&#REF!&"／"&#REF! -> #REF! | W64: =#REF!&"／"&#REF!&"／"&#REF! -> #REF! | Y64: =#REF!&"／"&#REF!&"／"&#REF! -> #REF! | AA64: =#REF! -> #REF! | AB64: =IF(COUNTIF($AA$39:AA64,AA64)=1,ROW(),"") | AC64: =IF(COUNT($AB$39:$AB$100)>=ROW()-38,INDEX($AA$39:$AA$100,MATCH(SMALL($AB$39:$AB$100,ROW(A26)),$AB$39:$AB$100,0)),"") | AG64: =#REF! -> #REF! | AI64: =#REF! -> #REF! | AK64: =#REF!&"／"&#REF!&"／"&#REF! -> #REF! | AM64: =#REF!&"／"&#REF!&"／"&#REF! -> #REF! | AO64: =#REF!&"／"&#REF!&"／"&#REF! -> #REF! | AQ64: =#REF!&"／"&#REF!&"／"&#REF! -> #REF!
A65: 不安定爆発物 | C65: 1 | H65: 圧縮ガス | L65: 1 | N65: タイプA | S65: =#REF!&"／"&#REF!&"／"&#REF! -> #REF! | U65: =#REF!&"／"&#REF!&"／"&#REF! -> #REF! | W65: =#REF!&"／"&#REF!&"／"&#REF! -> #REF! | Y65: =#REF!&"／"&#REF!&"／"&#REF! -> #REF! | AA65: =#REF! -> #REF! | AB65: =IF(COUNTIF($AA$39:AA65,AA65)=1,ROW(),"") | AC65: =IF(COUNT($AB$39:$AB$100)>=ROW()-38,INDEX($AA$39:$AA$100,MATCH(SMALL($AB$39:$AB$100,ROW(A27)),$AB$39:$AB$100,0)),"") | AG65: =#REF! -> #REF! | AI65: =#REF! -> #REF! | AK65: =#REF!&"／"&#REF!&"／"&#REF! -> #REF! | AM65: =#REF!&"／"&#REF!&"／"&#REF! -> #REF! | AO65: =#REF!&"／"&#REF!&"／"&#REF! -> #REF! | AQ65: =#REF!&"／"&#REF!&"／"&#REF! -> #REF!
A66: 等級1.1 | C66: 2 | H66: 液化ガス | L66: 2 | N66: タイプB | S66: =#REF!&"／"&#REF!&"／"&#REF! -> #REF! | U66: =#REF!&"／"&#REF!&"／"&#REF! -> #REF! | W66: =#REF!&"／"&#REF!&"／"&#REF! -> #REF! | Y66: =#REF!&"／"&#REF!&"／"&#REF! -> #REF! | AA66: =#REF! -> #REF! | AB66: =IF(COUNTIF($AA$39:AA66,AA66)=1,ROW(),"") | AC66: =IF(COUNT($AB$39:$AB$100)>=ROW()-38,INDEX($AA$39:$AA$100,MATCH(SMALL($AB$39:$AB$100,ROW(A28)),$AB$39:$AB$100,0)),"") | AG66: =#REF! -> #REF! | AI66: =#REF! -> #REF! | AK66: =#REF!&"／"&#REF!&"／"&#REF! -> #REF! | AM66: =#REF!&"／"&#REF!&"／"&#REF! -> #REF! | AO66: =#REF!&"／"&#REF!&"／"&#REF! -> #REF! | AQ66: =#REF!&"／"&#REF!&"／"&#REF! -> #REF!
A67: 等級1.2 | C67: A | H67: 深冷液化ガス | N67: タイプC | S67: =#REF!&"／"&#REF!&"／"&#REF! -> #REF! | U67: =#REF!&"／"&#REF!&"／"&#REF! -> #REF! | W67: =#REF!&"／"&#REF!&"／"&#REF! -> #REF! | Y67: =#REF!&"／"&#REF!&"／"&#REF! -> #REF! | AA67: =#REF! -> #REF! | AB67: =IF(COUNTIF($AA$39:AA67,AA67)=1,ROW(),"") | AC67: =IF(COUNT($AB$39:$AB$100)>=ROW()-38,INDEX($AA$39:$AA$100,MATCH(SMALL($AB$39:$AB$100,ROW(A29)),$AB$39:$AB$100,0)),"") | AG67: =#REF! -> #REF! | AI67: =#REF! -> #REF! | AK67: =#REF!&"／"&#REF!&"／"&#REF! -> #REF! | AM67: =#REF!&"／"&#REF!&"／"&#REF! -> #REF! | AO67: =#REF!&"／"&#REF!&"／"&#REF! -> #REF! | AQ67: =#REF!&"／"&#REF!&"／"&#REF! -> #REF!
A68: 等級1.3 | C68: B | H68: 溶解ガス | N68: タイプD | S68: =#REF!&"／"&#REF!&"／"&#REF! -> #REF! | U68: =#REF!&"／"&#REF!&"／"&#REF! -> #REF! | W68: =#REF!&"／"&#REF!&"／"&#REF! -> #REF! | Y68: =#REF!&"／"&#REF!&"／"&#REF! -> #REF! | AA68: =#REF! -> #REF! | AB68: =IF(COUNTIF($AA$39:AA68,AA68)=1,ROW(),"") | AC68: =IF(COUNT($AB$39:$AB$100)>=ROW()-38,INDEX($AA$39:$AA$100,MATCH(SMALL($AB$39:$AB$100,ROW(A30)),$AB$39:$AB$100,0)),"") | AG68: =#REF! -> #REF! | AI68: =#REF! -> #REF! | AK68: =#REF!&"／"&#REF!&"／"&#REF! -> #REF! | AM68: =#REF!&"／"&#REF!&"／"&#REF! -> #REF! | AO68: =#REF!&"／"&#REF!&"／"&#REF! -> #REF! | AQ68: =#REF!&"／"&#REF!&"／"&#REF! -> #REF!
A69: 等級1.4 | N69: タイプE | S69: =#REF!&"／"&#REF!&"／"&#REF! -> #REF! | U69: =#REF!&"／"&#REF!&"／"&#REF! -> #REF! | W69: =#REF!&"／"&#REF!&"／"&#REF! -> #REF! | Y69: =#REF!&"／"&#REF!&"／"&#REF! -> #REF! | AA69: =#REF! -> #REF! | AB69: =IF(COUNTIF($AA$39:AA69,AA69)=1,ROW(),"") | AC69: =IF(COUNT($AB$39:$AB$100)>=ROW()-38,INDEX($AA$39:$AA$100,MATCH(SMALL($AB$39:$AB$100,ROW(A31)),$AB$39:$AB$100,0)),"") | AG69: =#REF! -> #REF! | AI69: =#REF! -> #REF! | AK69: =#REF!&"／"&#REF!&"／"&#REF! -> #REF! | AM69: =#REF!&"／"&#REF!&"／"&#REF! -> #REF! | AO69: =#REF!&"／"&#REF!&"／"&#REF! -> #REF! | AQ69: =#REF!&"／"&#REF!&"／"&#REF! -> #REF!
A70: 等級1.5 | N70: タイプF | S70: =#REF!&"／"&#REF!&"／"&#REF! -> #REF! | U70: =#REF!&"／"&#REF!&"／"&#REF! -> #REF! | W70: =#REF!&"／"&#REF!&"／"&#REF! -> #REF! | Y70: =#REF!&"／"&#REF!&"／"&#REF! -> #REF! | AA70: =#REF! -> #REF! | AB70: =IF(COUNTIF($AA$39:AA70,AA70)=1,ROW(),"") | AC70: =IF(COUNT($AB$39:$AB$100)>=ROW()-38,INDEX($AA$39:$AA$100,MATCH(SMALL($AB$39:$AB$100,ROW(A32)),$AB$39:$AB$100,0)),"") | AG70: =#REF! -> #REF! | AI70: =#REF! -> #REF! | AK70: =#REF!&"／"&#REF!&"／"&#REF! -> #REF! | AM70: =#REF!&"／"&#REF!&"／"&#REF! -> #REF! | AO70: =#REF!&"／"&#REF!&"／"&#REF! -> #REF! | AQ70: =#REF!&"／"&#REF!&"／"&#REF! -> #REF!
A71: 等級1.6 | N71: タイプG | S71: =#REF!&"／"&#REF!&"／"&#REF! -> #REF! | U71: =#REF!&"／"&#REF!&"／"&#REF! -> #REF! | W71: =#REF!&"／"&#REF!&"／"&#REF! -> #REF! | Y71: =#REF!&"／"&#REF!&"／"&#REF! -> #REF! | AA71: =#REF! -> #REF! | AB71: =IF(COUNTIF($AA$39:AA71,AA71)=1,ROW(),"") | AC71: =IF(COUNT($AB$39:$AB$100)>=ROW()-38,INDEX($AA$39:$AA$100,MATCH(SMALL($AB$39:$AB$100,ROW(A33)),$AB$39:$AB$100,0)),"") | AG71: =#REF! -> #REF! | AI71: =#REF! -> #REF! | AK71: =#REF!&"／"&#REF!&"／"&#REF! -> #REF! | AM71: =#REF!&"／"&#REF!&"／"&#REF! -> #REF! | AO71: =#REF!&"／"&#REF!&"／"&#REF! -> #REF! | AQ71: =#REF!&"／"&#REF!&"／"&#REF! -> #REF!
S72: =#REF!&"／"&#REF!&"／"&#REF! -> #REF! | U72: =#REF!&"／"&#REF!&"／"&#REF! -> #REF! | W72: =#REF!&"／"&#REF!&"／"&#REF! -> #REF! | Y72: =#REF!&"／"&#REF!&"／"&#REF! -> #REF! | AA72: =#REF! -> #REF! | AB72: =IF(COUNTIF($AA$39:AA72,AA72)=1,ROW(),"") | AC72: =IF(COUNT($AB$39:$AB$100)>=ROW()-38,INDEX($AA$39:$AA$100,MATCH(SMALL($AB$39:$AB$100,ROW(A34)),$AB$39:$AB$100,0)),"") | AG72: =#REF! -> #REF! | AI72: =#REF! -> #REF! | AK72: =#REF!&"／"&#REF!&"／"&#REF! -> #REF! | AM72: =#REF!&"／"&#REF!&"／"&#REF! -> #REF! | AO72: =#REF!&"／"&#REF!&"／"&#REF! -> #REF! | AQ72: =#REF!&"／"&#REF!&"／"&#REF! -> #REF!
S73: =#REF!&"／"&#REF!&"／"&#REF! -> #REF! | U73: =#REF!&"／"&#REF!&"／"&#REF! -> #REF! | W73: =#REF!&"／"&#REF!&"／"&#REF! -> #REF! | Y73: =#REF!&"／"&#REF!&"／"&#REF! -> #REF! | AA73: =#REF! -> #REF! | AB73: =IF(COUNTIF($AA$39:AA73,AA73)=1,ROW(),"") | AC73: =IF(COUNT($AB$39:$AB$100)>=ROW()-38,INDEX($AA$39:$AA$100,MATCH(SMALL($AB$39:$AB$100,ROW(A35)),$AB$39:$AB$100,0)),"") | AG73: =#REF! -> #REF! | AI73: =#REF! -> #REF! | AK73: =#REF!&"／"&#REF!&"／"&#REF! -> #REF! | AM73: =#REF!&"／"&#REF!&"／"&#REF! -> #REF! | AO73: =#REF!&"／"&#REF!&"／"&#REF! -> #REF! | AQ73: =#REF!&"／"&#REF!&"／"&#REF! -> #REF!
C74: 数字123 | E74: 数字12345 | G74: 皮膚腐食性 | I74: 眼刺激性 | K74: 1A1B1 | M74: 1A1B2 | O74: 生殖毒性 | S74: =#REF!&"／"&#REF!&"／"&#REF! -> #REF! | U74: =#REF!&"／"&#REF!&"／"&#REF! -> #REF! | W74: =#REF!&"／"&#REF!&"／"&#REF! -> #REF! | Y74: =#REF!&"／"&#REF!&"／"&#REF! -> #REF! | AA74: =#REF! -> #REF! | AB74: =IF(COUNTIF($AA$39:AA74,AA74)=1,ROW(),"") | AC74: =IF(COUNT($AB$39:$AB$100)>=ROW()-38,INDEX($AA$39:$AA$100,MATCH(SMALL($AB$39:$AB$100,ROW(A36)),$AB$39:$AB$100,0)),"") | AG74: =#REF! -> #REF! | AI74: =#REF! -> #REF! | AK74: =#REF!&"／"&#REF!&"／"&#REF! -> #REF! | AM74: =#REF!&"／"&#REF!&"／"&#REF! -> #REF! | AO74: =#REF!&"／"&#REF!&"／"&#REF! -> #REF! | AQ74: =#REF!&"／"&#REF!&"／"&#REF! -> #REF!
C75: 1 | E75: 1 | G75: 1 | I75: 1 | K75: 1 | M75: 1A | O75: 1A | S75: =#REF!&"／"&#REF!&"／"&#REF! -> #REF! | U75: =#REF!&"／"&#REF!&"／"&#REF! -> #REF! | W75: =#REF!&"／"&#REF!&"／"&#REF! -> #REF! | Y75: =#REF!&"／"&#REF!&"／"&#REF! -> #REF! | AA75: =#REF! -> #REF! | AB75: =IF(COUNTIF($AA$39:AA75,AA75)=1,ROW(),"") | AC75: =IF(COUNT($AB$39:$AB$100)>=ROW()-38,INDEX($AA$39:$AA$100,MATCH(SMALL($AB$39:$AB$100,ROW(A37)),$AB$39:$AB$100,0)),"") | AG75: =#REF! -> #REF! | AI75: =#REF! -> #REF! | AK75: =#REF!&"／"&#REF!&"／"&#REF! -> #REF! | AM75: =#REF!&"／"&#REF!&"／"&#REF! -> #REF! | AO75: =#REF!&"／"&#REF!&"／"&#REF! -> #REF! | AQ75: =#REF!&"／"&#REF!&"／"&#REF! -> #REF!
C76: 2 | E76: 2 | G76: 1A | I76: 2A | K76: 1A | M76: 1B | O76: 1B | S76: =#REF!&"／"&#REF!&"／"&#REF! -> #REF! | U76: =#REF!&"／"&#REF!&"／"&#REF! -> #REF! | W76: =#REF!&"／"&#REF!&"／"&#REF! -> #REF! | Y76: =#REF!&"／"&#REF!&"／"&#REF! -> #REF! | AA76: =#REF! -> #REF! | AB76: =IF(COUNTIF($AA$39:AA76,AA76)=1,ROW(),"") | AC76: =IF(COUNT($AB$39:$AB$100)>=ROW()-38,INDEX($AA$39:$AA$100,MATCH(SMALL($AB$39:$AB$100,ROW(A38)),$AB$39:$AB$100,0)),"") | AG76: =#REF! -> #REF! | AI76: =#REF! -> #REF! | AK76: =#REF!&"／"&#REF!&"／"&#REF! -> #REF! | AM76: =#REF!&"／"&#REF!&"／"&#REF! -> #REF! | AO76: =#REF!&"／"&#REF!&"／"&#REF! -> #REF! | AQ76: =#REF!&"／"&#REF!&"／"&#REF! -> #REF!
C77: 3 | E77: 3 | G77: 1B | I77: 2B | K77: 1B | M77: 2 | O77: 2 | S77: =#REF!&"／"&#REF!&"／"&#REF! -> #REF! | U77: =#REF!&"／"&#REF!&"／"&#REF! -> #REF! | W77: =#REF!&"／"&#REF!&"／"&#REF! -> #REF! | Y77: =#REF!&"／"&#REF!&"／"&#REF! -> #REF! | AA77: =#REF! -> #REF! | AB77: =IF(COUNTIF($AA$39:AA77,AA77)=1,ROW(),"") | AC77: =IF(COUNT($AB$39:$AB$100)>=ROW()-38,INDEX($AA$39:$AA$100,MATCH(SMALL($AB$39:$AB$100,ROW(A39)),$AB$39:$AB$100,0)),"") | AG77: =#REF! -> #REF! | AI77: =#REF! -> #REF! | AK77: =#REF!&"／"&#REF!&"／"&#REF! -> #REF! | AM77: =#REF!&"／"&#REF!&"／"&#REF! -> #REF! | AO77: =#REF!&"／"&#REF!&"／"&#REF! -> #REF! | AQ77: =#REF!&"／"&#REF!&"／"&#REF! -> #REF!
E78: 4 | G78: 1C | S78: =#REF!&"／"&#REF!&"／"&#REF! -> #REF! | U78: =#REF!&"／"&#REF!&"／"&#REF! -> #REF! | W78: =#REF!&"／"&#REF!&"／"&#REF! -> #REF! | Y78: =#REF!&"／"&#REF!&"／"&#REF! -> #REF! | AA78: =#REF! -> #REF! | AB78: =IF(COUNTIF($AA$39:AA78,AA78)=1,ROW(),"") | AC78: =IF(COUNT($AB$39:$AB$100)>=ROW()-38,INDEX($AA$39:$AA$100,MATCH(SMALL($AB$39:$AB$100,ROW(A40)),$AB$39:$AB$100,0)),"") | AG78: =#REF! -> #REF! | AI78: =#REF! -> #REF! | AK78: =#REF!&"／"&#REF!&"／"&#REF! -> #REF! | AM78: =#REF!&"／"&#REF!&"／"&#REF! -> #REF! | AO78: =#REF!&"／"&#REF!&"／"&#REF! -> #REF! | AQ78: =#REF!&"／"&#REF!&"／"&#REF! -> #REF!
E79: 5 | G79: 2 | S79: =#REF!&"／"&#REF!&"／"&#REF! -> #REF! | U79: =#REF!&"／"&#REF!&"／"&#REF! -> #REF! | W79: =#REF!&"／"&#REF!&"／"&#REF! -> #REF! | Y79: =#REF!&"／"&#REF!&"／"&#REF! -> #REF! | AA79: =#REF! -> #REF! | AB79: =IF(COUNTIF($AA$39:AA79,AA79)=1,ROW(),"") | AC79: =IF(COUNT($AB$39:$AB$100)>=ROW()-38,INDEX($AA$39:$AA$100,MATCH(SMALL($AB$39:$AB$100,ROW(A41)),$AB$39:$AB$100,0)),"") | AG79: =#REF! -> #REF! | AI79: =#REF! -> #REF! | AK79: =#REF!&"／"&#REF!&"／"&#REF! -> #REF! | AM79: =#REF!&"／"&#REF!&"／"&#REF! -> #REF! | AO79: =#REF!&"／"&#REF!&"／"&#REF! -> #REF! | AQ79: =#REF!&"／"&#REF!&"／"&#REF! -> #REF!
A80: 単回ばく露 | G80: 3 | S80: =#REF!&"／"&#REF!&"／"&#REF! -> #REF! | U80: =#REF!&"／"&#REF!&"／"&#REF! -> #REF! | W80: =#REF!&"／"&#REF!&"／"&#REF! -> #REF! | Y80: =#REF!&"／"&#REF!&"／"&#REF! -> #REF! | AA80: =#REF! -> #REF! | AB80: =IF(COUNTIF($AA$39:AA80,AA80)=1,ROW(),"") | AC80: =IF(COUNT($AB$39:$AB$100)>=ROW()-38,INDEX($AA$39:$AA$100,MATCH(SMALL($AB$39:$AB$100,ROW(A42)),$AB$39:$AB$100,0)),"") | AG80: =#REF! -> #REF! | AI80: =#REF! -> #REF! | AK80: =#REF!&"／"&#REF!&"／"&#REF! -> #REF! | AM80: =#REF!&"／"&#REF!&"／"&#REF! -> #REF! | AO80: =#REF!&"／"&#REF!&"／"&#REF! -> #REF! | AQ80: =#REF!&"／"&#REF!&"／"&#REF! -> #REF!
A81: 1 | S81: =#REF!&"／"&#REF!&"／"&#REF! -> #REF! | U81: =#REF!&"／"&#REF!&"／"&#REF! -> #REF! | W81: =#REF!&"／"&#REF!&"／"&#REF! -> #REF! | Y81: =#REF!&"／"&#REF!&"／"&#REF! -> #REF! | AA81: =#REF! -> #REF! | AB81: =IF(COUNTIF($AA$39:AA81,AA81)=1,ROW(),"") | AC81: =IF(COUNT($AB$39:$AB$100)>=ROW()-38,INDEX($AA$39:$AA$100,MATCH(SMALL($AB$39:$AB$100,ROW(A43)),$AB$39:$AB$100,0)),"") | AG81: =#REF! -> #REF! | AI81: =#REF! -> #REF! | AK81: =#REF!&"／"&#REF!&"／"&#REF! -> #REF! | AM81: =#REF!&"／"&#REF!&"／"&#REF! -> #REF! | AO81: =#REF!&"／"&#REF!&"／"&#REF! -> #REF! | AQ81: =#REF!&"／"&#REF!&"／"&#REF! -> #REF!
A82: 2 | S82: =#REF!&"／"&#REF!&"／"&#REF! -> #REF! | U82: =#REF!&"／"&#REF!&"／"&#REF! -> #REF! | W82: =#REF!&"／"&#REF!&"／"&#REF! -> #REF! | Y82: =#REF!&"／"&#REF!&"／"&#REF! -> #REF! | AA82: =#REF! -> #REF! | AB82: =IF(COUNTIF($AA$39:AA82,AA82)=1,ROW(),"") | AC82: =IF(COUNT($AB$39:$AB$100)>=ROW()-38,INDEX($AA$39:$AA$100,MATCH(SMALL($AB$39:$AB$100,ROW(A44)),$AB$39:$AB$100,0)),"") | AG82: =#REF! -> #REF! | AI82: =#REF! -> #REF! | AK82: =#REF!&"／"&#REF!&"／"&#REF! -> #REF! | AM82: =#REF!&"／"&#REF!&"／"&#REF! -> #REF! | AO82: =#REF!&"／"&#REF!&"／"&#REF! -> #REF! | AQ82: =#REF!&"／"&#REF!&"／"&#REF! -> #REF!
A83: 3（気道刺激性） | S83: =#REF!&"／"&#REF!&"／"&#REF! -> #REF! | U83: =#REF!&"／"&#REF!&"／"&#REF! -> #REF! | W83: =#REF!&"／"&#REF!&"／"&#REF! -> #REF! | Y83: =#REF!&"／"&#REF!&"／"&#REF! -> #REF! | AA83: =#REF! -> #REF! | AB83: =IF(COUNTIF($AA$39:AA83,AA83)=1,ROW(),"") | AC83: =IF(COUNT($AB$39:$AB$100)>=ROW()-38,INDEX($AA$39:$AA$100,MATCH(SMALL($AB$39:$AB$100,ROW(A45)),$AB$39:$AB$100,0)),"") | AG83: =#REF! -> #REF! | AI83: =#REF! -> #REF! | AK83: =#REF!&"／"&#REF!&"／"&#REF! -> #REF! | AM83: =#REF!&"／"&#REF!&"／"&#REF! -> #REF! | AO83: =#REF!&"／"&#REF!&"／"&#REF! -> #REF! | AQ83: =#REF!&"／"&#REF!&"／"&#REF! -> #REF!
A84: 3（麻酔作用） | S84: =#REF!&"／"&#REF!&"／"&#REF! -> #REF! | U84: =#REF!&"／"&#REF!&"／"&#REF! -> #REF! | W84: =#REF!&"／"&#REF!&"／"&#REF! -> #REF! | Y84: =#REF!&"／"&#REF!&"／"&#REF! -> #REF! | AA84: =#REF! -> #REF! | AB84: =IF(COUNTIF($AA$39:AA84,AA84)=1,ROW(),"") | AC84: =IF(COUNT($AB$39:$AB$100)>=ROW()-38,INDEX($AA$39:$AA$100,MATCH(SMALL($AB$39:$AB$100,ROW(A46)),$AB$39:$AB$100,0)),"") | AG84: =#REF! -> #REF! | AI84: =#REF! -> #REF! | AK84: =#REF!&"／"&#REF!&"／"&#REF! -> #REF! | AM84: =#REF!&"／"&#REF!&"／"&#REF! -> #REF! | AO84: =#REF!&"／"&#REF!&"／"&#REF! -> #REF! | AQ84: =#REF!&"／"&#REF!&"／"&#REF! -> #REF!
S85: =#REF!&"／"&#REF!&"／"&#REF! -> #REF! | U85: =#REF!&"／"&#REF!&"／"&#REF! -> #REF! | W85: =#REF!&"／"&#REF!&"／"&#REF! -> #REF! | Y85: =#REF!&"／"&#REF!&"／"&#REF! -> #REF! | AA85: =#REF! -> #REF! | AB85: =IF(COUNTIF($AA$39:AA85,AA85)=1,ROW(),"") | AC85: =IF(COUNT($AB$39:$AB$100)>=ROW()-38,INDEX($AA$39:$AA$100,MATCH(SMALL($AB$39:$AB$100,ROW(A47)),$AB$39:$AB$100,0)),"") | AG85: =#REF! -> #REF! | AI85: =#REF! -> #REF! | AK85: =#REF!&"／"&#REF!&"／"&#REF! -> #REF! | AM85: =#REF!&"／"&#REF!&"／"&#REF! -> #REF! | AO85: =#REF!&"／"&#REF!&"／"&#REF! -> #REF! | AQ85: =#REF!&"／"&#REF!&"／"&#REF! -> #REF!
S86: =#REF!&"／"&#REF!&"／"&#REF! -> #REF! | U86: =#REF!&"／"&#REF!&"／"&#REF! -> #REF! | W86: =#REF!&"／"&#REF!&"／"&#REF! -> #REF! | Y86: =#REF!&"／"&#REF!&"／"&#REF! -> #REF! | AA86: =#REF! -> #REF! | AB86: =IF(COUNTIF($AA$39:AA86,AA86)=1,ROW(),"") | AC86: =IF(COUNT($AB$39:$AB$100)>=ROW()-38,INDEX($AA$39:$AA$100,MATCH(SMALL($AB$39:$AB$100,ROW(A48)),$AB$39:$AB$100,0)),"") | AG86: =#REF! -> #REF! | AI86: =#REF! -> #REF! | AK86: =#REF!&"／"&#REF!&"／"&#REF! -> #REF! | AM86: =#REF!&"／"&#REF!&"／"&#REF! -> #REF! | AO86: =#REF!&"／"&#REF!&"／"&#REF! -> #REF! | AQ86: =#REF!&"／"&#REF!&"／"&#REF! -> #REF!
A87: 高圧ガス区分 | C87: 高圧ガス燃焼性 | E87: 高圧ガス毒性 | I87: ボンベサイズ | K87: 高圧ガス管理方法 | S87: =#REF!&"／"&#REF!&"／"&#REF! -> #REF! | U87: =#REF!&"／"&#REF!&"／"&#REF! -> #REF! | W87: =#REF!&"／"&#REF!&"／"&#REF! -> #REF! | Y87: =#REF!&"／"&#REF!&"／"&#REF! -> #REF! | AA87: =#REF! -> #REF! | AB87: =IF(COUNTIF($AA$39:AA87,AA87)=1,ROW(),"") | AC87: =IF(COUNT($AB$39:$AB$100)>=ROW()-38,INDEX($AA$39:$AA$100,MATCH(SMALL($AB$39:$AB$100,ROW(A49)),$AB$39:$AB$100,0)),"") | AG87: =#REF! -> #REF! | AI87: =#REF! -> #REF! | AK87: =#REF!&"／"&#REF!&"／"&#REF! -> #REF! | AM87: =#REF!&"／"&#REF!&"／"&#REF! -> #REF! | AO87: =#REF!&"／"&#REF!&"／"&#REF! -> #REF! | AQ87: =#REF!&"／"&#REF!&"／"&#REF! -> #REF!
A88: --- | C88: --- | E88: --- | G88: 高圧ガス種別 | I88: --- | K88: 容積管理 | S88: =#REF!&"／"&#REF!&"／"&#REF! -> #REF! | U88: =#REF!&"／"&#REF!&"／"&#REF! -> #REF! | W88: =#REF!&"／"&#REF!&"／"&#REF! -> #REF! | Y88: =#REF!&"／"&#REF!&"／"&#REF! -> #REF! | AA88: =#REF! -> #REF! | AB88: =IF(COUNTIF($AA$39:AA88,AA88)=1,ROW(),"") | AC88: =IF(COUNT($AB$39:$AB$100)>=ROW()-38,INDEX($AA$39:$AA$100,MATCH(SMALL($AB$39:$AB$100,ROW(A50)),$AB$39:$AB$100,0)),"") | AG88: =#REF! -> #REF! | AI88: =#REF! -> #REF! | AK88: =#REF!&"／"&#REF!&"／"&#REF! -> #REF! | AM88: =#REF!&"／"&#REF!&"／"&#REF! -> #REF! | AO88: =#REF!&"／"&#REF!&"／"&#REF! -> #REF! | AQ88: =#REF!&"／"&#REF!&"／"&#REF! -> #REF!
A89: 圧縮ガス | C89: 可燃性 | E89: 毒性 | G89: --- | I89: 47L型 | K89: 重量管理 | S89: =#REF!&"／"&#REF!&"／"&#REF! -> #REF! | U89: =#REF!&"／"&#REF!&"／"&#REF! -> #REF! | W89: =#REF!&"／"&#REF!&"／"&#REF! -> #REF! | Y89: =#REF!&"／"&#REF!&"／"&#REF! -> #REF! | AA89: =#REF! -> #REF! | AB89: =IF(COUNTIF($AA$39:AA89,AA89)=1,ROW(),"") | AC89: =IF(COUNT($AB$39:$AB$100)>=ROW()-38,INDEX($AA$39:$AA$100,MATCH(SMALL($AB$39:$AB$100,ROW(A51)),$AB$39:$AB$100,0)),"") | AG89: =#REF! -> #REF! | AI89: =#REF! -> #REF! | AK89: =#REF!&"／"&#REF!&"／"&#REF! -> #REF! | AM89: =#REF!&"／"&#REF!&"／"&#REF! -> #REF! | AO89: =#REF!&"／"&#REF!&"／"&#REF! -> #REF! | AQ89: =#REF!&"／"&#REF!&"／"&#REF! -> #REF!
A90: 圧縮アセチレンガス | C90: 支燃性 | E90: 非毒性 | G90: 第1種 | I90: 40L型 | S90: =#REF!&"／"&#REF!&"／"&#REF! -> #REF! | U90: =#REF!&"／"&#REF!&"／"&#REF! -> #REF! | W90: =#REF!&"／"&#REF!&"／"&#REF! -> #REF! | Y90: =#REF!&"／"&#REF!&"／"&#REF! -> #REF! | AA90: =#REF! -> #REF! | AB90: =IF(COUNTIF($AA$39:AA90,AA90)=1,ROW(),"") | AC90: =IF(COUNT($AB$39:$AB$100)>=ROW()-38,INDEX($AA$39:$AA$100,MATCH(SMALL($AB$39:$AB$100,ROW(A52)),$AB$39:$AB$100,0)),"") | AG90: =#REF! -> #REF! | AI90: =#REF! -> #REF! | AK90: =#REF!&"／"&#REF!&"／"&#REF! -> #REF! | AM90: =#REF!&"／"&#REF!&"／"&#REF! -> #REF! | AO90: =#REF!&"／"&#REF!&"／"&#REF! -> #REF! | AQ90: =#REF!&"／"&#REF!&"／"&#REF! -> #REF!
A91: 液化ガス | C91: 不燃性 | G91: 第2種 | I91: 10L型 | S91: =#REF!&"／"&#REF!&"／"&#REF! -> #REF! | U91: =#REF!&"／"&#REF!&"／"&#REF! -> #REF! | W91: =#REF!&"／"&#REF!&"／"&#REF! -> #REF! | Y91: =#REF!&"／"&#REF!&"／"&#REF! -> #REF! | AA91: =#REF! -> #REF! | AB91: =IF(COUNTIF($AA$39:AA91,AA91)=1,ROW(),"") | AC91: =IF(COUNT($AB$39:$AB$100)>=ROW()-38,INDEX($AA$39:$AA$100,MATCH(SMALL($AB$39:$AB$100,ROW(A53)),$AB$39:$AB$100,0)),"") | AG91: =#REF! -> #REF! | AI91: =#REF! -> #REF! | AK91: =#REF!&"／"&#REF!&"／"&#REF! -> #REF! | AM91: =#REF!&"／"&#REF!&"／"&#REF! -> #REF! | AO91: =#REF!&"／"&#REF!&"／"&#REF! -> #REF! | AQ91: =#REF!&"／"&#REF!&"／"&#REF! -> #REF!
A92: その他の液化ガス | I92: 3.4L型 | S92: =#REF!&"／"&#REF!&"／"&#REF! -> #REF! | U92: =#REF!&"／"&#REF!&"／"&#REF! -> #REF! | W92: =#REF!&"／"&#REF!&"／"&#REF! -> #REF! | Y92: =#REF!&"／"&#REF!&"／"&#REF! -> #REF! | AA92: =#REF! -> #REF! | AB92: =IF(COUNTIF($AA$39:AA92,AA92)=1,ROW(),"") | AC92: =IF(COUNT($AB$39:$AB$100)>=ROW()-38,INDEX($AA$39:$AA$100,MATCH(SMALL($AB$39:$AB$100,ROW(A54)),$AB$39:$AB$100,0)),"") | AG92: =#REF! -> #REF! | AI92: =#REF! -> #REF! | AK92: =#REF!&"／"&#REF!&"／"&#REF! -> #REF! | AM92: =#REF!&"／"&#REF!&"／"&#REF! -> #REF! | AO92: =#REF!&"／"&#REF!&"／"&#REF! -> #REF! | AQ92: =#REF!&"／"&#REF!&"／"&#REF! -> #REF!
I93: その他 | S93: =#REF!&"／"&#REF!&"／"&#REF! -> #REF! | U93: =#REF!&"／"&#REF!&"／"&#REF! -> #REF! | W93: =#REF!&"／"&#REF!&"／"&#REF! -> #REF! | Y93: =#REF!&"／"&#REF!&"／"&#REF! -> #REF! | AA93: =#REF! -> #REF! | AB93: =IF(COUNTIF($AA$39:AA93,AA93)=1,ROW(),"") | AC93: =IF(COUNT($AB$39:$AB$100)>=ROW()-38,INDEX($AA$39:$AA$100,MATCH(SMALL($AB$39:$AB$100,ROW(A55)),$AB$39:$AB$100,0)),"") | AG93: =#REF! -> #REF! | AI93: =#REF! -> #REF! | AK93: =#REF!&"／"&#REF!&"／"&#REF! -> #REF! | AM93: =#REF!&"／"&#REF!&"／"&#REF! -> #REF! | AO93: =#REF!&"／"&#REF!&"／"&#REF! -> #REF! | AQ93: =#REF!&"／"&#REF!&"／"&#REF! -> #REF!
S94: =#REF!&"／"&#REF!&"／"&#REF! -> #REF! | U94: =#REF!&"／"&#REF!&"／"&#REF! -> #REF! | W94: =#REF!&"／"&#REF!&"／"&#REF! -> #REF! | Y94: =#REF!&"／"&#REF!&"／"&#REF! -> #REF! | AA94: =#REF! -> #REF! | AB94: =IF(COUNTIF($AA$39:AA94,AA94)=1,ROW(),"") | AC94: =IF(COUNT($AB$39:$AB$100)>=ROW()-38,INDEX($AA$39:$AA$100,MATCH(SMALL($AB$39:$AB$100,ROW(A56)),$AB$39:$AB$100,0)),"") | AG94: =#REF! -> #REF! | AI94: =#REF! -> #REF! | AK94: =#REF!&"／"&#REF!&"／"&#REF! -> #REF! | AM94: =#REF!&"／"&#REF!&"／"&#REF! -> #REF! | AO94: =#REF!&"／"&#REF!&"／"&#REF! -> #REF! | AQ94: =#REF!&"／"&#REF!&"／"&#REF! -> #REF!
A95: 薬機法区分 | S95: =#REF!&"／"&#REF!&"／"&#REF! -> #REF! | U95: =#REF!&"／"&#REF!&"／"&#REF! -> #REF! | W95: =#REF!&"／"&#REF!&"／"&#REF! -> #REF! | Y95: =#REF!&"／"&#REF!&"／"&#REF! -> #REF! | AA95: =#REF! -> #REF! | AB95: =IF(COUNTIF($AA$39:AA95,AA95)=1,ROW(),"") | AC95: =IF(COUNT($AB$39:$AB$100)>=ROW()-38,INDEX($AA$39:$AA$100,MATCH(SMALL($AB$39:$AB$100,ROW(A57)),$AB$39:$AB$100,0)),"") | AG95: =#REF! -> #REF! | AI95: =#REF! -> #REF! | AK95: =#REF!&"／"&#REF!&"／"&#REF! -> #REF! | AM95: =#REF!&"／"&#REF!&"／"&#REF! -> #REF! | AO95: =#REF!&"／"&#REF!&"／"&#REF! -> #REF! | AQ95: =#REF!&"／"&#REF!&"／"&#REF! -> #REF!
A96: 医薬品 | B96: 医薬部外品 | C96: 医療機器 | D96: 化粧品 | E96: 再生医療等製品 | F96: 体外診断用医薬品 | S96: =#REF!&"／"&#REF!&"／"&#REF! -> #REF! | U96: =#REF!&"／"&#REF!&"／"&#REF! -> #REF! | W96: =#REF!&"／"&#REF!&"／"&#REF! -> #REF! | Y96: =#REF!&"／"&#REF!&"／"&#REF! -> #REF! | AA96: =#REF! -> #REF! | AB96: =IF(COUNTIF($AA$39:AA96,AA96)=1,ROW(),"") | AC96: =IF(COUNT($AB$39:$AB$100)>=ROW()-38,INDEX($AA$39:$AA$100,MATCH(SMALL($AB$39:$AB$100,ROW(A58)),$AB$39:$AB$100,0)),"") | AG96: =#REF! -> #REF! | AI96: =#REF! -> #REF! | AK96: =#REF!&"／"&#REF!&"／"&#REF! -> #REF! | AM96: =#REF!&"／"&#REF!&"／"&#REF! -> #REF! | AO96: =#REF!&"／"&#REF!&"／"&#REF! -> #REF! | AQ96: =#REF!&"／"&#REF!&"／"&#REF! -> #REF!
A97: 一般用医薬品 | B97: --- | C97: クラスⅠ | D97: --- | E97: --- | F97: --- | S97: =#REF!&"／"&#REF!&"／"&#REF! -> #REF! | U97: =#REF!&"／"&#REF!&"／"&#REF! -> #REF! | W97: =#REF!&"／"&#REF!&"／"&#REF! -> #REF! | Y97: =#REF!&"／"&#REF!&"／"&#REF! -> #REF! | AA97: =#REF! -> #REF! | AB97: =IF(COUNTIF($AA$39:AA97,AA97)=1,ROW(),"") | AC97: =IF(COUNT($AB$39:$AB$100)>=ROW()-38,INDEX($AA$39:$AA$100,MATCH(SMALL($AB$39:$AB$100,ROW(A59)),$AB$39:$AB$100,0)),"") | AG97: =#REF! -> #REF! | AI97: =#REF! -> #REF! | AK97: =#REF!&"／"&#REF!&"／"&#REF! -> #REF! | AM97: =#REF!&"／"&#REF!&"／"&#REF! -> #REF! | AO97: =#REF!&"／"&#REF!&"／"&#REF! -> #REF! | AQ97: =#REF!&"／"&#REF!&"／"&#REF! -> #REF!
A98: 薬局医薬品 | C98: クラスⅡ | S98: =#REF!&"／"&#REF!&"／"&#REF! -> #REF! | U98: =#REF!&"／"&#REF!&"／"&#REF! -> #REF! | W98: =#REF!&"／"&#REF!&"／"&#REF! -> #REF! | Y98: =#REF!&"／"&#REF!&"／"&#REF! -> #REF! | AA98: =#REF! -> #REF! | AB98: =IF(COUNTIF($AA$39:AA98,AA98)=1,ROW(),"") | AC98: =IF(COUNT($AB$39:$AB$100)>=ROW()-38,INDEX($AA$39:$AA$100,MATCH(SMALL($AB$39:$AB$100,ROW(A60)),$AB$39:$AB$100,0)),"") | AG98: =#REF! -> #REF! | AI98: =#REF! -> #REF! | AK98: =#REF!&"／"&#REF!&"／"&#REF! -> #REF! | AM98: =#REF!&"／"&#REF!&"／"&#REF! -> #REF! | AO98: =#REF!&"／"&#REF!&"／"&#REF! -> #REF! | AQ98: =#REF!&"／"&#REF!&"／"&#REF! -> #REF!
A99: 要指導医薬品 | C99: クラスⅢ | S99: =#REF!&"／"&#REF!&"／"&#REF! -> #REF! | U99: =#REF!&"／"&#REF!&"／"&#REF! -> #REF! | W99: =#REF!&"／"&#REF!&"／"&#REF! -> #REF! | Y99: =#REF!&"／"&#REF!&"／"&#REF! -> #REF! | AA99: =#REF! -> #REF! | AB99: =IF(COUNTIF($AA$39:AA99,AA99)=1,ROW(),"") | AC99: =IF(COUNT($AB$39:$AB$100)>=ROW()-38,INDEX($AA$39:$AA$100,MATCH(SMALL($AB$39:$AB$100,ROW(A61)),$AB$39:$AB$100,0)),"") | AG99: =#REF! -> #REF! | AI99: =#REF! -> #REF! | AK99: =#REF!&"／"&#REF!&"／"&#REF! -> #REF! | AM99: =#REF!&"／"&#REF!&"／"&#REF! -> #REF! | AO99: =#REF!&"／"&#REF!&"／"&#REF! -> #REF! | AQ99: =#REF!&"／"&#REF!&"／"&#REF! -> #REF!
C100: クラスⅣ | S100: =#REF!&"／"&#REF!&"／"&#REF! -> #REF! | U100: =#REF!&"／"&#REF!&"／"&#REF! -> #REF! | W100: =#REF!&"／"&#REF!&"／"&#REF! -> #REF! | Y100: =#REF!&"／"&#REF!&"／"&#REF! -> #REF! | AA100: =#REF! -> #REF! | AB100: =IF(COUNTIF($AA$39:AA100,AA100)=1,ROW(),"") | AC100: =IF(COUNT($AB$39:$AB$100)>=ROW()-38,INDEX($AA$39:$AA$100,MATCH(SMALL($AB$39:$AB$100,ROW(A62)),$AB$39:$AB$100,0)),"") | AG100: =#REF! -> #REF! | AI100: =#REF! -> #REF! | AK100: =#REF!&"／"&#REF!&"／"&#REF! -> #REF! | AM100: =#REF!&"／"&#REF!&"／"&#REF! -> #REF! | AO100: =#REF!&"／"&#REF!&"／"&#REF! -> #REF! | AQ100: =#REF!&"／"&#REF!&"／"&#REF! -> #REF!
S101: =#REF!&"／"&#REF!&"／"&#REF! -> #REF! | U101: =#REF!&"／"&#REF!&"／"&#REF! -> #REF! | W101: =#REF!&"／"&#REF!&"／"&#REF! -> #REF! | Y101: =#REF!&"／"&#REF!&"／"&#REF! -> #REF! | AA101: =#REF! -> #REF! | AB101: =IF(COUNTIF($AA$39:AA101,AA101)=1,ROW(),"") | AC101: =IF(COUNT($AB$39:$AB$100)>=ROW()-38,INDEX($AA$39:$AA$100,MATCH(SMALL($AB$39:$AB$100,ROW(A63)),$AB$39:$AB$100,0)),"") | AG101: =#REF! -> #REF! | AI101: =#REF! -> #REF! | AK101: =#REF!&"／"&#REF!&"／"&#REF! -> #REF! | AM101: =#REF!&"／"&#REF!&"／"&#REF! -> #REF! | AO101: =#REF!&"／"&#REF!&"／"&#REF! -> #REF! | AQ101: =#REF!&"／"&#REF!&"／"&#REF! -> #REF!
S102: =#REF!&"／"&#REF!&"／"&#REF! -> #REF! | U102: =#REF!&"／"&#REF!&"／"&#REF! -> #REF! | W102: =#REF!&"／"&#REF!&"／"&#REF! -> #REF! | Y102: =#REF!&"／"&#REF!&"／"&#REF! -> #REF! | AA102: =#REF! -> #REF! | AB102: =IF(COUNTIF($AA$39:AA102,AA102)=1,ROW(),"") | AC102: =IF(COUNT($AB$39:$AB$100)>=ROW()-38,INDEX($AA$39:$AA$100,MATCH(SMALL($AB$39:$AB$100,ROW(A64)),$AB$39:$AB$100,0)),"") | AG102: =#REF! -> #REF! | AI102: =#REF! -> #REF! | AK102: =#REF!&"／"&#REF!&"／"&#REF! -> #REF! | AM102: =#REF!&"／"&#REF!&"／"&#REF! -> #REF! | AO102: =#REF!&"／"&#REF!&"／"&#REF! -> #REF! | AQ102: =#REF!&"／"&#REF!&"／"&#REF! -> #REF!
A103: --- | B103: 医薬品 | F103: 医薬部外品 | K103: 化粧品 | L103: 再生医療等製品 | M103: 体外診断用薬品 | S103: =#REF!&"／"&#REF!&"／"&#REF! -> #REF! | U103: =#REF!&"／"&#REF!&"／"&#REF! -> #REF! | W103: =#REF!&"／"&#REF!&"／"&#REF! -> #REF! | Y103: =#REF!&"／"&#REF!&"／"&#REF! -> #REF! | AA103: =#REF! -> #REF! | AB103: =IF(COUNTIF($AA$39:AA103,AA103)=1,ROW(),"") | AC103: =IF(COUNT($AB$39:$AB$100)>=ROW()-38,INDEX($AA$39:$AA$100,MATCH(SMALL($AB$39:$AB$100,ROW(A65)),$AB$39:$AB$100,0)),"") | AG103: =#REF! -> #REF! | AI103: =#REF! -> #REF! | AK103: =#REF!&"／"&#REF!&"／"&#REF! -> #REF! | AM103: =#REF!&"／"&#REF!&"／"&#REF! -> #REF! | AO103: =#REF!&"／"&#REF!&"／"&#REF! -> #REF! | AQ103: =#REF!&"／"&#REF!&"／"&#REF! -> #REF!
A104: --- | B104: --- | C104: 一般用医薬品 | D104: 薬局医薬品 | E104: 要指導医薬品 | F104: --- | G104: 医療機器 | H104: クラスⅡ | I104: クラスⅢ | J104: クラスⅣ | K104: --- | L104: --- | M104: --- | S104: =#REF!&"／"&#REF!&"／"&#REF! -> #REF! | U104: =#REF!&"／"&#REF!&"／"&#REF! -> #REF! | W104: =#REF!&"／"&#REF!&"／"&#REF! -> #REF! | Y104: =#REF!&"／"&#REF!&"／"&#REF! -> #REF! | AA104: =#REF! -> #REF! | AB104: =IF(COUNTIF($AA$39:AA104,AA104)=1,ROW(),"") | AC104: =IF(COUNT($AB$39:$AB$100)>=ROW()-38,INDEX($AA$39:$AA$100,MATCH(SMALL($AB$39:$AB$100,ROW(A66)),$AB$39:$AB$100,0)),"") | AG104: =#REF! -> #REF! | AI104: =#REF! -> #REF! | AK104: =#REF!&"／"&#REF!&"／"&#REF! -> #REF! | AM104: =#REF!&"／"&#REF!&"／"&#REF! -> #REF! | AO104: =#REF!&"／"&#REF!&"／"&#REF! -> #REF! | AQ104: =#REF!&"／"&#REF!&"／"&#REF! -> #REF!
A105: --- | B105: --- | C105: 指定第2類医薬品 | D105: 医療用医薬品 | E105: スイッチ直後品目 | F105: --- | G105: クラスⅠ | H105: --- | I105: --- | J105: --- | K105: --- | L105: --- | M105: --- | S105: =#REF!&"／"&#REF!&"／"&#REF! -> #REF! | U105: =#REF!&"／"&#REF!&"／"&#REF! -> #REF! | W105: =#REF!&"／"&#REF!&"／"&#REF! -> #REF! | Y105: =#REF!&"／"&#REF!&"／"&#REF! -> #REF! | AA105: =#REF! -> #REF! | AB105: =IF(COUNTIF($AA$39:AA105,AA105)=1,ROW(),"") | AC105: =IF(COUNT($AB$39:$AB$100)>=ROW()-38,INDEX($AA$39:$AA$100,MATCH(SMALL($AB$39:$AB$100,ROW(A67)),$AB$39:$AB$100,0)),"") | AG105: =#REF! -> #REF! | AI105: =#REF! -> #REF! | AK105: =#REF!&"／"&#REF!&"／"&#REF! -> #REF! | AM105: =#REF!&"／"&#REF!&"／"&#REF! -> #REF! | AO105: =#REF!&"／"&#REF!&"／"&#REF! -> #REF! | AQ105: =#REF!&"／"&#REF!&"／"&#REF! -> #REF!
C106: 第1類医薬品 | D106: 薬局製造販売医薬品 | E106: ダイレクトOTC | G106: --- | S106: =#REF!&"／"&#REF!&"／"&#REF! -> #REF! | U106: =#REF!&"／"&#REF!&"／"&#REF! -> #REF! | W106: =#REF!&"／"&#REF!&"／"&#REF! -> #REF! | Y106: =#REF!&"／"&#REF!&"／"&#REF! -> #REF! | AA106: =#REF! -> #REF! | AB106: =IF(COUNTIF($AA$39:AA106,AA106)=1,ROW(),"") | AC106: =IF(COUNT($AB$39:$AB$100)>=ROW()-38,INDEX($AA$39:$AA$100,MATCH(SMALL($AB$39:$AB$100,ROW(A68)),$AB$39:$AB$100,0)),"") | AG106: =#REF! -> #REF! | AI106: =#REF! -> #REF! | AK106: =#REF!&"／"&#REF!&"／"&#REF! -> #REF! | AM106: =#REF!&"／"&#REF!&"／"&#REF! -> #REF! | AO106: =#REF!&"／"&#REF!&"／"&#REF! -> #REF! | AQ106: =#REF!&"／"&#REF!&"／"&#REF! -> #REF!
C107: 第2類医薬品 | E107: 劇薬 | S107: =#REF!&"／"&#REF!&"／"&#REF! -> #REF! | U107: =#REF!&"／"&#REF!&"／"&#REF! -> #REF! | W107: =#REF!&"／"&#REF!&"／"&#REF! -> #REF! | Y107: =#REF!&"／"&#REF!&"／"&#REF! -> #REF! | AA107: =#REF! -> #REF! | AB107: =IF(COUNTIF($AA$39:AA107,AA107)=1,ROW(),"") | AC107: =IF(COUNT($AB$39:$AB$100)>=ROW()-38,INDEX($AA$39:$AA$100,MATCH(SMALL($AB$39:$AB$100,ROW(A69)),$AB$39:$AB$100,0)),"") | AG107: =#REF! -> #REF! | AI107: =#REF! -> #REF! | AK107: =#REF!&"／"&#REF!&"／"&#REF! -> #REF! | AM107: =#REF!&"／"&#REF!&"／"&#REF! -> #REF! | AO107: =#REF!&"／"&#REF!&"／"&#REF! -> #REF! | AQ107: =#REF!&"／"&#REF!&"／"&#REF! -> #REF!
C108: 第3類医薬品 | E108: 毒薬 | S108: =#REF!&"／"&#REF!&"／"&#REF! -> #REF! | U108: =#REF!&"／"&#REF!&"／"&#REF! -> #REF! | W108: =#REF!&"／"&#REF!&"／"&#REF! -> #REF! | Y108: =#REF!&"／"&#REF!&"／"&#REF! -> #REF! | AA108: =#REF! -> #REF! | AB108: =IF(COUNTIF($AA$39:AA108,AA108)=1,ROW(),"") | AC108: =IF(COUNT($AB$39:$AB$100)>=ROW()-38,INDEX($AA$39:$AA$100,MATCH(SMALL($AB$39:$AB$100,ROW(A70)),$AB$39:$AB$100,0)),"") | AG108: =#REF! -> #REF! | AI108: =#REF! -> #REF! | AK108: =#REF!&"／"&#REF!&"／"&#REF! -> #REF! | AM108: =#REF!&"／"&#REF!&"／"&#REF! -> #REF! | AO108: =#REF!&"／"&#REF!&"／"&#REF! -> #REF! | AQ108: =#REF!&"／"&#REF!&"／"&#REF! -> #REF!
S109: =#REF!&"／"&#REF!&"／"&#REF! -> #REF! | U109: =#REF!&"／"&#REF!&"／"&#REF! -> #REF! | W109: =#REF!&"／"&#REF!&"／"&#REF! -> #REF! | Y109: =#REF!&"／"&#REF!&"／"&#REF! -> #REF! | AA109: =#REF! -> #REF! | AB109: =IF(COUNTIF($AA$39:AA109,AA109)=1,ROW(),"") | AC109: =IF(COUNT($AB$39:$AB$100)>=ROW()-38,INDEX($AA$39:$AA$100,MATCH(SMALL($AB$39:$AB$100,ROW(A71)),$AB$39:$AB$100,0)),"") | AG109: =#REF! -> #REF! | AI109: =#REF! -> #REF! | AK109: =#REF!&"／"&#REF!&"／"&#REF! -> #REF! | AM109: =#REF!&"／"&#REF!&"／"&#REF! -> #REF! | AO109: =#REF!&"／"&#REF!&"／"&#REF! -> #REF! | AQ109: =#REF!&"／"&#REF!&"／"&#REF! -> #REF!
S110: =#REF!&"／"&#REF!&"／"&#REF! -> #REF! | U110: =#REF!&"／"&#REF!&"／"&#REF! -> #REF! | W110: =#REF!&"／"&#REF!&"／"&#REF! -> #REF! | Y110: =#REF!&"／"&#REF!&"／"&#REF! -> #REF! | AA110: =#REF! -> #REF! | AB110: =IF(COUNTIF($AA$39:AA110,AA110)=1,ROW(),"") | AC110: =IF(COUNT($AB$39:$AB$100)>=ROW()-38,INDEX($AA$39:$AA$100,MATCH(SMALL($AB$39:$AB$100,ROW(A72)),$AB$39:$AB$100,0)),"") | AG110: =#REF! -> #REF! | AI110: =#REF! -> #REF! | AK110: =#REF!&"／"&#REF!&"／"&#REF! -> #REF! | AM110: =#REF!&"／"&#REF!&"／"&#REF! -> #REF! | AO110: =#REF!&"／"&#REF!&"／"&#REF! -> #REF! | AQ110: =#REF!&"／"&#REF!&"／"&#REF! -> #REF!
A111: ラベルテンプレート | C111: 承認要否 | S111: =#REF!&"／"&#REF!&"／"&#REF! -> #REF! | U111: =#REF!&"／"&#REF!&"／"&#REF! -> #REF! | W111: =#REF!&"／"&#REF!&"／"&#REF! -> #REF! | Y111: =#REF!&"／"&#REF!&"／"&#REF! -> #REF! | AA111: =#REF! -> #REF! | AB111: =IF(COUNTIF($AA$39:AA111,AA111)=1,ROW(),"") | AC111: =IF(COUNT($AB$39:$AB$100)>=ROW()-38,INDEX($AA$39:$AA$100,MATCH(SMALL($AB$39:$AB$100,ROW(A73)),$AB$39:$AB$100,0)),"") | AG111: =#REF! -> #REF! | AI111: =#REF! -> #REF! | AK111: =#REF!&"／"&#REF!&"／"&#REF! -> #REF! | AM111: =#REF!&"／"&#REF!&"／"&#REF! -> #REF! | AO111: =#REF!&"／"&#REF!&"／"&#REF! -> #REF! | AQ111: =#REF!&"／"&#REF!&"／"&#REF! -> #REF!
A112: 標準 | C112: 必要 | S112: =#REF!&"／"&#REF!&"／"&#REF! -> #REF! | U112: =#REF!&"／"&#REF!&"／"&#REF! -> #REF! | W112: =#REF!&"／"&#REF!&"／"&#REF! -> #REF! | Y112: =#REF!&"／"&#REF!&"／"&#REF! -> #REF! | AA112: =#REF! -> #REF! | AB112: =IF(COUNTIF($AA$39:AA112,AA112)=1,ROW(),"") | AC112: =IF(COUNT($AB$39:$AB$100)>=ROW()-38,INDEX($AA$39:$AA$100,MATCH(SMALL($AB$39:$AB$100,ROW(A74)),$AB$39:$AB$100,0)),"") | AG112: =#REF! -> #REF! | AI112: =#REF! -> #REF! | AK112: =#REF!&"／"&#REF!&"／"&#REF! -> #REF! | AM112: =#REF!&"／"&#REF!&"／"&#REF! -> #REF! | AO112: =#REF!&"／"&#REF!&"／"&#REF! -> #REF! | AQ112: =#REF!&"／"&#REF!&"／"&#REF! -> #REF!
A113: 小ビン | C113: 不要 | S113: =#REF!&"／"&#REF!&"／"&#REF! -> #REF! | U113: =#REF!&"／"&#REF!&"／"&#REF! -> #REF! | W113: =#REF!&"／"&#REF!&"／"&#REF! -> #REF! | Y113: =#REF!&"／"&#REF!&"／"&#REF! -> #REF! | AA113: =#REF! -> #REF! | AB113: =IF(COUNTIF($AA$39:AA113,AA113)=1,ROW(),"") | AC113: =IF(COUNT($AB$39:$AB$100)>=ROW()-38,INDEX($AA$39:$AA$100,MATCH(SMALL($AB$39:$AB$100,ROW(A75)),$AB$39:$AB$100,0)),"") | AG113: =#REF! -> #REF! | AI113: =#REF! -> #REF! | AK113: =#REF!&"／"&#REF!&"／"&#REF! -> #REF! | AM113: =#REF!&"／"&#REF!&"／"&#REF! -> #REF! | AO113: =#REF!&"／"&#REF!&"／"&#REF! -> #REF! | AQ113: =#REF!&"／"&#REF!&"／"&#REF! -> #REF!
A114: カスタム | S114: =#REF!&"／"&#REF!&"／"&#REF! -> #REF! | U114: =#REF!&"／"&#REF!&"／"&#REF! -> #REF! | W114: =#REF!&"／"&#REF!&"／"&#REF! -> #REF! | Y114: =#REF!&"／"&#REF!&"／"&#REF! -> #REF! | AA114: =#REF! -> #REF! | AB114: =IF(COUNTIF($AA$39:AA114,AA114)=1,ROW(),"") | AC114: =IF(COUNT($AB$39:$AB$100)>=ROW()-38,INDEX($AA$39:$AA$100,MATCH(SMALL($AB$39:$AB$100,ROW(A76)),$AB$39:$AB$100,0)),"") | AG114: =#REF! -> #REF! | AI114: =#REF! -> #REF! | AK114: =#REF!&"／"&#REF!&"／"&#REF! -> #REF! | AM114: =#REF!&"／"&#REF!&"／"&#REF! -> #REF! | AO114: =#REF!&"／"&#REF!&"／"&#REF! -> #REF! | AQ114: =#REF!&"／"&#REF!&"／"&#REF! -> #REF!
S115: =#REF!&"／"&#REF!&"／"&#REF! -> #REF! | U115: =#REF!&"／"&#REF!&"／"&#REF! -> #REF! | W115: =#REF!&"／"&#REF!&"／"&#REF! -> #REF! | Y115: =#REF!&"／"&#REF!&"／"&#REF! -> #REF! | AA115: =#REF! -> #REF! | AB115: =IF(COUNTIF($AA$39:AA115,AA115)=1,ROW(),"") | AC115: =IF(COUNT($AB$39:$AB$100)>=ROW()-38,INDEX($AA$39:$AA$100,MATCH(SMALL($AB$39:$AB$100,ROW(A77)),$AB$39:$AB$100,0)),"") | AG115: =#REF! -> #REF! | AI115: =#REF! -> #REF! | AK115: =#REF!&"／"&#REF!&"／"&#REF! -> #REF! | AM115: =#REF!&"／"&#REF!&"／"&#REF! -> #REF! | AO115: =#REF!&"／"&#REF!&"／"&#REF! -> #REF! | AQ115: =#REF!&"／"&#REF!&"／"&#REF! -> #REF!
S116: =#REF!&"／"&#REF!&"／"&#REF! -> #REF! | U116: =#REF!&"／"&#REF!&"／"&#REF! -> #REF! | W116: =#REF!&"／"&#REF!&"／"&#REF! -> #REF! | Y116: =#REF!&"／"&#REF!&"／"&#REF! -> #REF! | AA116: =#REF! -> #REF! | AB116: =IF(COUNTIF($AA$39:AA116,AA116)=1,ROW(),"") | AC116: =IF(COUNT($AB$39:$AB$100)>=ROW()-38,INDEX($AA$39:$AA$100,MATCH(SMALL($AB$39:$AB$100,ROW(A78)),$AB$39:$AB$100,0)),"") | AG116: =#REF! -> #REF! | AI116: =#REF! -> #REF! | AK116: =#REF!&"／"&#REF!&"／"&#REF! -> #REF! | AM116: =#REF!&"／"&#REF!&"／"&#REF! -> #REF! | AO116: =#REF!&"／"&#REF!&"／"&#REF! -> #REF! | AQ116: =#REF!&"／"&#REF!&"／"&#REF! -> #REF!
...

Sheet Chemical
A1: JANコード (※製品ラベルに印字されているバーコードまたはQRコードの値) | B1: メーカー名 | C1: 型番 | D1: 薬品名(和名) | E1: 薬品名(英名) | F1: CAS番号 (※複数の場合は半角カンマ区切り) | G1: 規格 | H1: カタログ重量(数値) | I1: カタログ重量(単位) | J1: カタログ価格 | K1: 密度(数値) | L1: 密度(単位) | M1: 保管状態 | N1: 管理方法 | O1: 化学式 | P1: 分子量 | Q1: SDSファイル名またはURL | R1: 毒劇法 区分 | S1: 労働安全衛生法(特化則) 類別 | T1: 労働安全衛生法(特化則) 区分 | U1: 労働安全衛生法(特化則) 特別管理物質 | V1: 労働安全衛生法 リスクアセスメント対象 | W1: 労働安全衛生法 がん原性指針対象 | X1: 労働安全衛生法 がん原性物質 | Y1: 労働安全衛生法(有機則) 種別 | Z1: 労働安全衛生法(不浸透性の保護具等の使用義務物質) 区分 | AA1: 消防法 指定数量(類別) | AB1: 消防法 指定数量(品名) | AC1: 消防法 指定数量(種別) | AD1: PRTR制度① 区分 | AE1: PRTR制度① 号番号 | AF1: PRTR制度① 濃度(%) | AG1: PRTR制度② 区分 | AH1: PRTR制度② 号番号 | AI1: PRTR制度② 濃度(%) | AJ1: PRTR制度（2021年改正）① 区分 | AK1: PRTR制度（2021年改正）① 濃度(%) | AL1: PRTR制度（2021年改正）② 区分 | AM1: PRTR制度（2021年改正）② 濃度(%) | AN1: PRTR制度（2021年改正）③ 区分 | AO1: PRTR制度（2021年改正）③ 濃度(%) | AP1: PRTR制度 金属換算係数(数値) | AQ1: 薬機法 大区分 | AR1: 薬機法 中区分 | AS1: 薬機法 小区分 | AT1: 麻薬及び向精神薬取締法 区分 | AU1: 水質汚濁防止法 区分 | AV1: 大気汚染防止法① 区分 | AW1: 大気汚染防止法② 区分 | AX1: ユーザー定義法規① 区分 | AY1: ユーザー定義法規② 区分 | AZ1: ユーザー定義法規③ 区分 | BA1: ユーザー定義法規④ 区分 | BB1: ユーザー定義法規⑤ 区分 | BC1: ユーザー定義法規⑥ 区分 | BD1: 開封前使用期限 (数値) | BE1: 開封前使用期限 (単位) | BF1: 開封後使用期限 (数値) | BG1: 開封後使用期限 (単位) | BH1: 在庫基準数 | BI1: 廃棄方法 | BJ1: 保管場所① | BK1: 保管場所①-在庫基準数 | BL1: 保管場所①-在庫上限 | BM1: 保管場所①-通知先 | BN1: 保管場所② | BO1: 保管場所②-在庫基準数 | BP1: 保管場所②-在庫上限 | BQ1: 保管場所②-通知先 | BR1: 保管場所③ | BS1: 保管場所③-在庫基準数 | BT1: 保管場所③-在庫上限 | BU1: 保管場所③-通知先 | BV1: 保管場所④ | BW1: 保管場所④-在庫基準数 | BX1: 保管場所④-在庫上限 | BY1: 保管場所④-通知先 | BZ1: 保管場所⑤ | CA1: 保管場所⑤-在庫基準数 | CB1: 保管場所⑤-在庫上限 | CC1: 保管場所⑤-通知先 | CD1: 納入業者名 | CE1: その他ファイルまたはURL | CF1: 備考 | CG1: ラベルテンプレート | CH1: 承認要否 | CI1: 所属1 | CJ1: 所属2 | CK1: 所属3 | CL1: GHS 物理化学的危険性 | DC1: GHS 健康有害性 | DT1: GHS 環境有害性
A2: ※32文字以下 | B2: ※必須 | C2: ※必須 ※32文字以下 | D2: ※必須 ※128文字以下 | E2: ※必須 ※128文字以下 | F2: ※126文字以下 | G2: ※32文字以下 | H2: ※10文字以下 (小数第3位まで) (半角数字、小数点のみ) | I2: ※8文字以下 | J2: ※10文字以下 (整数かつ半角数字のみ) | K2: ※10桁以下 (小数第3位まで) (半角数字、小数点のみ) | L2: ※「g/ml」、「g/l」のいずれか | M2: ※64文字以下 | N2: ※「重量管理」、「本数管理」、「指定なし」のいずれか | O2: ※100文字以下 | P2: ※10桁以下 (小数第2位まで) (半角数字、小数点のみ) | Q2: ※1024文字以下 | R2: ※「毒物」、「劇物」、「特定毒物」のいずれか (該当しない場合は空欄) | S2: ※「第１類」、「第２類」、「第３類」のいずれか (該当しない場合は空欄) | T2: ※リストから選択 (該当しない場合は空欄) | U2: ※該当する場合は「○」、該当しない場合は空欄 | V2: ※対象の場合は「○」、非対象の場合は空欄 | W2: ※対象の場合は「○」、非対象の場合は空欄 | X2: ※対象の場合は「○」、非対象の場合は空欄 | Y2: ※リストから選択 (該当しない場合は空欄) | Z2: ※リストから選択 (該当しない場合は空欄) | AA2: ※リストから選択 (該当しない場合は空欄) | AB2: ※リストから選択 (該当しない場合は空欄) | AC2: ※リストから選択 (該当しない場合は空欄) | AD2: ※リストから選択 (該当しない場合は空欄) | AE2: ※3文字以下 (整数かつ半角数字のみ) | AF2: ※0以上100以下 (整数かつ半角数字のみ) | AG2: ※リストから選択 (該当しない場合は空欄) | AH2: ※3文字以下 (整数かつ半角数字のみ) | AI2: ※0以上100以下 (整数かつ半角数字のみ) | AJ2: ※リストから選択 (該当しない場合は空欄) | AK2: ※0以上100以下 (整数かつ半角数字のみ) | AL2: ※リストから選択 (該当しない場合は空欄) | AM2: ※0以上100以下 (整数かつ半角数字のみ) | AN2: ※リストから選択 (該当しない場合は空欄) | AO2: ※0以上100以下 (整数かつ半角数字のみ) | AP2: ※10桁以下 (小数点第3位まで) (半角数字、小数点のみ) | AQ2: ※リストから選択 (該当しない場合は空欄) | AR2: ※リストから選択 (該当しない場合は空欄) | AS2: ※リストから選択 (該当しない場合は空欄) | AT2: ※リストから選択 (該当しない場合は空欄) | AU2: ※「有害物質」、「指定物質」のいずれか (該当しない場合は空欄) | AV2: ※リストから選択 (該当しない場合は空欄) | AW2: ※リストから選択 (該当しない場合は空欄) | AX2: ※リストから選択 ※「CustomLaw1」に記入した内容が候補に表示されます | AY2: ※リストから選択 ※「CustomLaw2」に記入した内容が候補に表示されます | AZ2: ※リストから選択 ※「CustomLaw3」に記入した内容が候補に表示されます | BA2: ※リストから選択 ※「CustomLaw4」に記入した内容が候補に表示されます | BB2: ※リストから選択 ※「CustomLaw5」に記入した内容が候補に表示されます | BC2: ※リストから選択 ※「CustomLaw6」に記入した内容が候補に表示されます | BD2: ※3文字以下 (整数かつ半角数字のみ) | BE2: ※「日」「週」「月」「年」のいずれか | BF2: ※3文字以下 (整数かつ半角数字のみ) | BG2: ※「日」「週」「月」「年」のいずれか | BH2: ※5文字以下 (整数かつ半角数字のみ) | BI2: ※256文字以下 | BJ2: ※保管庫、棚、段位置を「／」区切り ※「Storage」シートに記入した内容が候補に表示されます ※更新を選択すると保管場所1～5を一括更新します | BK2: ※5文字以下 (整数かつ半角数字のみ) | BL2: ※5文字以下 (整数かつ半角数字のみ) | BM2: ※256文字以下 ※メールアドレスカンマ区切り | BN2: ※保管庫、棚、段位置を「／」区切り ※「Storage」シートに記入した内容が候補に表示されます | BO2: ※5文字以下 (整数かつ半角数字のみ) | BP2: ※5文字以下 (整数かつ半角数字のみ) | BQ2: ※256文字以下 ※メールアドレスカンマ区切り | BR2: ※保管庫、棚、段位置を「／」区切り ※「Storage」シートに記入した内容が候補に表示されます | BS2: ※5文字以下 (整数かつ半角数字のみ) | BT2: ※5文字以下 (整数かつ半角数字のみ) | BU2: ※256文字以下 ※メールアドレスカンマ区切り | BV2: ※保管庫、棚、段位置を「／」区切り ※「Storage」シートに記入した内容が候補に表示されます | BW2: ※5文字以下 (整数かつ半角数字のみ) | BX2: ※5文字以下 (整数かつ半角数字のみ) | BY2: ※256文字以下 ※メールアドレスカンマ区切り | BZ2: ※保管庫、棚、段位置を「／」区切り ※「Storage」シートに記入した内容が候補に表示されます | CA2: ※5文字以下 (整数かつ半角数字のみ) | CB2: ※5文字以下 (整数かつ半角数字のみ) | CC2: ※256文字以下 ※メールアドレスカンマ区切り | CD2: ※「Supplier」シートに記入した内容が候補に表示されます | CE2: ※1024文字以下 | CF2: ※256文字以下 | CG2: ※「標準」「小ビン」「カスタム」のいずれか | CH2: ※「必要」「不要」のいずれか | CI2: ※組織、部署、課を「／」区切り ※「Belonging」に記入した内容が候補に表示されます ※更新を選択すると所属1～3を一括更新します | CJ2: ※組織、部署、課を「／」区切り ※「Belonging」に記入した内容が候補に表示されます | CK2: ※組織、部署、課を「／」区切り ※「Belonging」に記入した内容が候補に表示されます | CL2: 爆発物 ※「不安定爆発物」、「等級1.1」、「等級1.2」、「等級1.3」、「等級1.4」、「等級1.5」、「等級1.6」のいずれか （該当しない場合は空欄） | CM2: 可燃性ガス ※「1」、「2」、「A」、「B」のいずれか （該当しない場合は空欄） | CN2: エアゾール ※「1」、「2」、「3」のいずれか （該当しない場合は空欄） | CO2: 酸化性ガス ※「1」 （該当しない場合は空欄） | CP2: 高圧ガス ※「圧縮ガス」、「液化ガス」、「深冷液化ガス」、「溶解ガス」のいずれか （該当しない場合は空欄） | CQ2: 引火性液体 ※「1」、「2」、「3」、「4」のいずれか （該当しない場合は空欄） | CR2: 可燃性固体 ※「1」、「2」のいずれか （該当しない場合は空欄） | CS2: 自己反応性化学品 ※「タイプA」、「タイプB」、「タイプC」、「タイプD」、「タイプE」、「タイプF」、「タイプG」のいずれか （該当しない場合は空欄） | CT2: 自然発火性液体 ※「1」 （該当しない場合は空欄） | CU2: 自然発火性固体 ※「１」 （該当しない場合は空欄） | CV2: 自己発熱性物質および混合物 ※「1」、「2」のいずれか （該当しない場合は空欄） | CW2: 水反応可燃性物質および混合物 ※「1」、「2」、「3」のいずれか （該当しない場合は空欄） | CX2: 酸化性液体 ※「1」、「2」、「3」のいずれか （該当しない場合は空欄） | CY2: 酸化性固体 ※「1」、「2」、「3」のいずれか （該当しない場合は空欄） | CZ2: 有機過酸化物 ※「タイプA」、「タイプB」、「タイプC」、「タイプD」、「タイプE」、「タイプF」、「タイプG」のいずれか （該当しない場合は空欄） | DA2: 金属腐食性化学品 ※「1」 （該当しない場合は空欄） | DB2: 鈍性化爆発物 ※「1」、「2」、「3」、「4」のいずれか （該当しない場合は空欄） | DC2: 急性毒性（経口） ※「1」、「2」、「3」、「4」、「5」のいずれか （該当しない場合は空欄） | DD2: 急性毒性（経皮） ※「1」、「2」、「3」、「4」、「5」のいずれか （該当しない場合は空欄） | DE2: 急性毒性（吸入：気体） ※「1」、「2」、「3」、「4」、「5」のいずれか （該当しない場合は空欄） | DF2: 急性毒性（吸入：蒸気） ※「1」、「2」、「3」、「4」、「5」のいずれか （該当しない場合は空欄） | DG2: 急性毒性（吸入：粉じん） ※「1」、「2」、「3」、「4」、「5」のいずれか （該当しない場合は空欄） | DH2: 急性毒性（吸入：ミスト） ※「1」、「2」、「3」、「4」、「5」のいずれか （該当しない場合は空欄） | DI2: 皮膚腐食性及び皮膚刺激性 ※「1」、「1A」、「1B」、「1C」、「2」、「3」のいずれか （該当しない場合は空欄） | DJ2: 眼に対する重篤な損傷性又は眼刺激性 ※「1」、「2A」、「2B」のいずれか （該当しない場合は空欄） | DK2: 呼吸器感作性 ※「1」、「1A」、「1B」のいずれか （該当しない場合は空欄） | DL2: 皮膚感作性 ※「1（1Aおよび1B)」 （該当しない場合は空欄） | DM2: 生殖細胞変異原性 ※「1A」、「1B」、「2」のいずれか （該当しない場合は空欄） | DN2: 発がん性 ※「1A」、「1B」、「2」のいずれか （該当しない場合は空欄） | DO2: 生殖毒性 ※「1A」、「1B」、「2」のいずれか （該当しない場合は空欄） | DP2: 生殖毒性（授乳区分） ※対象の場合は「○」、非対象の場合は空欄 | DQ2: 特定標的臓器毒性（単回ばく露） ※「1」、「2」、「3（気道刺激性）」、「3（麻酔作用）」のいずれか （該当しない場合は空欄） | DR2: 特定標的臓器毒性（反復ばく露） ※「1」、「2」のいずれか （該当しない場合は空欄） | DS2: 誤えん有害性 ※「1」、「2」のいずれか （該当しない場合は空欄） | DT2: 水生環境有害性 短期（急性） ※「1」、「2」、「3」のいずれか （該当しない場合は空欄） | DU2: 水生環境有害性 長期（慢性） ※「1」、「2」、「3」、「4」のいずれか （該当しない場合は空欄） | DV2: オゾン層への有害性 ※「1」 （該当しない場合は空欄）
B3: 一括更新不可 | C3: 一括更新不可 | BK3: =$BJ$3&"" | BL3: =$BJ$3&"" | BM3: =$BJ$3&"" | BN3: =$BJ$3&"" | BO3: =$BJ$3&"" | BP3: =$BJ$3&"" | BQ3: =$BJ$3&"" | BR3: =$BJ$3&"" | ... CC3: =$BJ$3&"" | CJ3: =CI$3&"" | CK3: =CJ$3&""
B4: シグマアルドリッチ(Millipore) | C4: 01318-5VL | D4: - | E4: Enterococcus faecium Selective Supplement, suitable for microbiology | H4: 5 | I4: VL | J4: 12100 | M4: 冷蔵 | N4: 指定なし | Q4: https://www.sigmaaldrich.com/JP/ja/search/01318?term=01318&type=product
B5: シグマアルドリッチ(Millipore) | C5: 01337-500G-F | D5: - | E5: Mitis Salivarius Agar, suitable for microbiology, NutriSelect(R) Plus | H5: 500 | I5: G | J5: 33500 | M5: 室温 | N5: 指定なし | Q5: https://www.sigmaaldrich.com/JP/ja/search/01337?term=01337&type=product
B6: シグマアルドリッチ(Millipore) | C6: 01497-500G-F | D6: - | E6: Yeast Extract Agar, suitable for microbiology, NutriSelect(R) Plus | H6: 500 | I6: G | J6: 27900 | M6: 室温 | N6: 指定なし | Q6: https://www.sigmaaldrich.com/JP/ja/search/01497?term=01497&type=product
B7: シグマアルドリッチ(Millipore) | C7: 01869-1KT | D7: - | E7: Hippurate Strips Kit, suitable for microbiology | F7: 67-64-1,71-36-3 | H7: 1 | I7: KT | J7: 12200 | M7: 冷蔵 | N7: 指定なし | Q7: https://www.sigmaaldrich.com/JP/ja/search/01869?term=01869&type=product | V7: ○
B8: シグマアルドリッチ(Millipore) | C8: 02538-500G-F | D8: - | E8: Raka-Ray Agar, suitable for microbiology, NutriSelect(R) Plus | H8: 500 | I8: G | J8: 45500 | M8: 室温 | N8: 指定なし | Q8: https://www.sigmaaldrich.com/JP/ja/search/02538?term=02538&type=product
B9: シグマアルドリッチ(Millipore) | C9: 03708-5VL | D9: - | E9: Listeria mono Enrichement Supplement I, suitable for microbiology | H9: 5 | I9: VL | J9: 49300 | M9: 冷凍 | N9: 指定なし | Q9: https://www.sigmaaldrich.com/JP/ja/search/03708?term=03708&type=product
B10: シグマアルドリッチ(Millipore) | C10: 03856-500G | D10: - | E10: Nutrient Broth, No. 4, suitable for microbiology, NutriSelect(R) Plus | H10: 500 | I10: G | J10: 36600 | M10: 室温 | N10: 指定なし | Q10: https://www.sigmaaldrich.com/JP/ja/search/03856?term=03856&type=product
B11: シグマアルドリッチ(Millipore) | C11: 04163-500G-F | D11: - | E11: Nutrient Agar No 2, Vegitone, suitable for microbiology, NutriSelect(R) Plus | H11: 500 | I11: G | J11: 16800 | M11: 室温 | N11: 指定なし | Q11: https://www.sigmaaldrich.com/JP/ja/search/04163?term=04163&type=product
B12: シグマアルドリッチ(Millipore) | C12: 04316-500G-F | D12: - | E12: Vegetable Extract No. 1, suitable for microbiology | H12: 500 | I12: G | J12: 16400 | M12: 室温 | N12: 指定なし | Q12: https://www.sigmaaldrich.com/JP/ja/search/04316?term=04316&type=product
B13: シグマアルドリッチ(Millipore) | C13: 04551-1KT-F | D13: - | E13: Schaeffer and Fulton Spore Stain Kit, for microscopic observation of bacteria and endospores | H13: 1 | I13: KT | J13: 16400 | M13: 室温 | N13: 指定なし | Q13: https://www.sigmaaldrich.com/JP/ja/search/04551?term=04551&type=product
B14: シグマアルドリッチ(Millipore) | C14: 04739-100STRIPS-F | D14: - | E14: Indoxyl Strips, suitable for microbiology | H14: 100 | I14: STRIPS | J14: 9600 | M14: 冷蔵 | N14: 指定なし | Q14: https://www.sigmaaldrich.com/JP/ja/search/04739?term=04739&type=product
B15: シグマアルドリッチ(Millipore) | C15: 05038-500G | D15: 寒天 | E15: Agar, suitable for microbiology | F15: 9002-18-0 | H15: 500 | I15: G | J15: 44600 | M15: 室温 | N15: 指定なし | Q15: https://www.sigmaaldrich.com/JP/ja/search/05038?term=05038&type=product
B16: シグマアルドリッチ(Millipore) | C16: 05039-50G | D16: 寒天 | E16: Agar, suitable for microbiology | F16: 9002-18-0 | H16: 50 | I16: G | J16: 2840 | M16: 室温 | N16: 指定なし | Q16: https://www.sigmaaldrich.com/JP/ja/search/05039?term=05039&type=product
B17: シグマアルドリッチ(Millipore) | C17: 05039-500G | D17: 寒天 | E17: Agar, suitable for microbiology | F17: 9002-18-0 | H17: 500 | I17: G | J17: 36300 | M17: 室温 | N17: 指定なし | Q17: https://www.sigmaaldrich.com/JP/ja/search/05039?term=05039&type=product
B18: シグマアルドリッチ(Millipore) | C18: 05040-100G | D18: 寒天 | E18: Agar, powder, suitable for microbiology | F18: 9002-18-0 | H18: 100 | I18: G | J18: 9230 | M18: 室温 | N18: 指定なし | Q18: https://www.sigmaaldrich.com/JP/ja/search/05040?term=05040&type=product
B19: シグマアルドリッチ(Millipore) | C19: 05040-250G | D19: 寒天 | E19: Agar, powder, suitable for microbiology | F19: 9002-18-0 | H19: 250 | I19: G | J19: 20200 | M19: 室温 | N19: 指定なし | Q19: https://www.sigmaaldrich.com/JP/ja/search/05040?term=05040&type=product
B20: シグマアルドリッチ(Millipore) | C20: 05040-1KG | D20: 寒天 | E20: Agar, powder, suitable for microbiology | F20: 9002-18-0 | H20: 1 | I20: KG | J20: 69600 | M20: 室温 | N20: 指定なし | Q20: https://www.sigmaaldrich.com/JP/ja/search/05040?term=05040&type=product
B21: シグマアルドリッチ(Millipore) | C21: 05138-500G-F | D21: - | E21: Vegetable Extract, suitable for microbiology | H21: 500 | I21: G | J21: 13200 | M21: 室温 | N21: 指定なし | Q21: https://www.sigmaaldrich.com/JP/ja/search/05138?term=05138&type=product
B22: シグマアルドリッチ(Millipore) | C22: 05290-25TESTS-F | D22: - | E22: Sterility Indicator (Radiation Sterilization), suitable for microbiology | H22: 25 | I22: TESTS | J22: 5270 | M22: 冷蔵 | N22: 指定なし | Q22: https://www.sigmaaldrich.com/JP/ja/search/05290?term=05290&type=product
B23: シグマアルドリッチ(Millipore) | C23: 05317-10EA | D23: - | E23: Immobilon(R)-FL PVDF membrane, pore size 0.45 μm | H23: 10 | I23: EA | J23: 29100 | M23: 室温 | N23: 指定なし | Q23: https://www.sigmaaldrich.com/JP/ja/sds/sigma/05317
B24: シグマアルドリッチ(Millipore) | C24: 05686-50DISCS-F | D24: - | E24: DMACA Indole Disks, suitable for microbiology | H24: 50 | I24: DISCS | J24: 9390 | M24: 冷蔵 | N24: 指定なし | Q24: https://www.sigmaaldrich.com/JP/ja/search/05686?term=05686&type=product
B25: シグマアルドリッチ(Millipore) | C25: 07233-500G-F | D25: - | E25: Maximum Recovery Diluent, suitable for microbiology, NutriSelect(R) Plus | H25: 500 | I25: G | J25: 12900 | M25: 室温 | N25: 指定なし | Q25: https://www.sigmaaldrich.com/JP/ja/search/07233?term=07233&type=product
B26: シグマアルドリッチ(Millipore) | C26: 07410-500G | D26: - | E26: Carbohydrate Consumption Broth, suitable for microbiology, NutriSelect(R) Plus | H26: 500 | I26: G | J26: 22200 | M26: 室温 | N26: 指定なし | Q26: https://www.sigmaaldrich.com/JP/ja/search/07410?term=07410&type=product
B27: シグマアルドリッチ(Millipore) | C27: 07411-10X25DISCS | D27: - | E27: Xylose Disks, suitable for microbiology | H27: 10 | I27: X25DISCS | J27: 17800 | M27: 冷蔵 | N27: 指定なし | Q27: https://www.sigmaaldrich.com/JP/ja/search/07411?term=07411&type=product
B28: シグマアルドリッチ(Millipore) | C28: 07436-500G-F | D28: - | E28: Vegetable Hydrolysate No. 2, suitable for microbiology | F28: 100209-45-8 | H28: 500 | I28: G | J28: 22100 | M28: 室温 | N28: 指定なし | Q28: https://www.sigmaaldrich.com/JP/ja/search/07436?term=07436&type=product
B29: シグマアルドリッチ(Millipore) | C29: 07751-500G | D29: - | E29: Peptone, mycological No. 2, suitable for microbiology | H29: 500 | I29: G | J29: 32300 | M29: 室温 | N29: 指定なし | Q29: https://www.sigmaaldrich.com/JP/ja/search/07751?term=07751&type=product
B30: シグマアルドリッチ(Millipore) | C30: 07770-25G | D30: - | E30: N,N-Dimethyl-p-phenylenediamine dihydrochloride, suitable for microbiology, >=99.0% | F30: 536-46-9 | H30: 25 | I30: G | J30: 19200 | M30: 室温(20℃±5℃) | N30: 指定なし | Q30: https://www.sigmaaldrich.com/JP/ja/search/07770?term=07770&type=product
B31: シグマアルドリッチ(Millipore) | C31: 07770-100G | D31: - | E31: N,N-Dimethyl-p-phenylenediamine dihydrochloride, suitable for microbiology, >=99.0% | F31: 536-46-9 | H31: 100 | I31: G | J31: 34000 | M31: 室温(20℃±5℃) | N31: 指定なし | Q31: https://www.sigmaaldrich.com/JP/ja/search/07770?term=07770&type=product
B32: シグマアルドリッチ(Millipore) | C32: 08069-500G | D32: - | E32: modified Tryptic Soy Broth- Dehydrated Culture Media, NutriSelect(R) Plus, with bile salts mixture, according to ISO 16654:2001, | H32: 500 | I32: G | J32: 30000 | M32: 室温 | N32: 指定なし | Q32: https://www.sigmaaldrich.com/JP/ja/search/08069?term=08069&type=product
B33: シグマアルドリッチ(Millipore) | C33: 08382-50DISCS-F | D33: - | E33: Bacitracin Disks, suitable for microbiology | H33: 50 | I33: DISCS | J33: 9390 | M33: 冷凍 | N33: 指定なし | Q33: https://www.sigmaaldrich.com/JP/ja/search/08382?term=08382&type=product
B34: シグマアルドリッチ(Millipore) | C34: 08482-50DISCS-F | D34: - | E34: X + V Factor Disks, suitable for microbiology | H34: 50 | I34: DISCS | J34: 9390 | M34: 冷蔵 | N34: 指定なし | Q34: https://www.sigmaaldrich.com/JP/ja/search/08482?term=08482&type=product
B35: シグマアルドリッチ(Millipore) | C35: 08582-10VL-F | D35: - | E35: Urea solution, suitable for microbiology, 40% in H2O | F35: 57-13-6 | H35: 10 | I35: VL | J35: 8970 | M35: 冷蔵 | N35: 指定なし | Q35: https://www.sigmaaldrich.com/JP/ja/search/08582?term=08582&type=product
A36: 4548173342757 | B36: シグマアルドリッチ(Millipore) | C36: 08714-100ML-F | D36: - | E36: Methyl Red solution, suitable for microbiology | F36: 493-52-7,64-17-5,71-23-8,67-56-1 | H36: 100 | I36: ML | J36: 7810 | M36: 室温(20℃±5℃) | N36: 指定なし | Q36: https://www.sigmaaldrich.com/JP/ja/search/08714?term=08714&type=product | V36: ○ | AA36: 第4類 | AB36: アルコール類
B37: シグマアルドリッチ(Millipore) | C37: 09136-500G | D37: - | E37: Tryptophan Broth, NutriSelect(R) Plus, suitable for microbiology | H37: 500 | I37: G | J37: 51000 | M37: 室温 | N37: 指定なし | Q37: https://www.sigmaaldrich.com/JP/ja/search/09136?term=09136&type=product
B38: シグマアルドリッチ(Millipore) | C38: 09182-1KG-F | D38: - | E38: Yeast Extract, for technical purposes (in fermentation) | F38: 8013-01-2 | H38: 1 | I38: KG | J38: 16400 | M38: 室温 | N38: 指定なし | Q38: https://www.sigmaaldrich.com/JP/ja/search/09182?term=09182&type=product
B39: シグマアルドリッチ(Millipore) | C39: 09182-5KG-F | D39: - | E39: Yeast Extract, for technical purposes (in fermentation) | F39: 8013-01-2 | H39: 5 | I39: KG | J39: 55200 | M39: 室温 | N39: 指定なし | Q39: https://www.sigmaaldrich.com/JP/ja/search/09182?term=09182&type=product
B40: シグマアルドリッチ(Millipore) | C40: 09678-100G | D40: - | E40: Ammonium bismuth citrate, base ingredient for culture media | F40: 31886-41-6 | H40: 100 | I40: G | J40: 26700 | M40: 室温 | N40: 指定なし | Q40: https://www.sigmaaldrich.com/JP/ja/search/09678?term=09678&type=product
B41: シグマアルドリッチ(Millipore) | C41: 10107-12 | D41: - | E41: 1-2 Test(R) | J41: 20700 | M41: 冷蔵 | N41: 指定なし | Q41: https://www.sigmaaldrich.com/JP/ja/search/10107BC?term=10107BC&type=product | V41: ○
B42: シグマアルドリッチ(Millipore) | C42: 10850-25G | D42: - | E42: D-(-)-Arabinose, suitable for microbiology, >=99.0% | F42: 10323-20-3 | H42: 25 | I42: G | J42: 13200 | M42: 室温 | N42: 指定なし | Q42: https://www.sigmaaldrich.com/JP/ja/search/10850?term=10850&type=product
B43: シグマアルドリッチ(Millipore) | C43: 10850-100G | D43: - | E43: D-(-)-Arabinose, suitable for microbiology, >=99.0% | F43: 10323-20-3 | H43: 100 | I43: G | J43: 42700 | M43: 室温 | N43: 指定なし | Q43: https://www.sigmaaldrich.com/JP/ja/search/10850?term=10850&type=product
B44: シグマアルドリッチ(Millipore) | C44: 11577-1KT-F | D44: - | E44: Peptone Test Kit with Plant Peptones, suitable for microbiology | H44: 1 | I44: KT | J44: 68700 | M44: 室温 | N44: 指定なし | Q44: https://www.sigmaaldrich.com/JP/ja/search/11577?term=11577&type=product
B45: シグマアルドリッチ(Millipore) | C45: 11705-500G | D45: - | E45: Baird Parker Agar, NutriSelect(R) Basic, suitable for microbiology | H45: 500 | I45: G | J45: 43600 | M45: 室温 | N45: 指定なし | Q45: https://www.sigmaaldrich.com/JP/ja/search/11705?term=11705&type=product
B46: シグマアルドリッチ(Millipore) | C46: 12282-500G | D46: - | E46: Hoyle′s tellurite agar, base, NutriSelect(R) Plus, suitable for microbiology | H46: 500 | I46: G | J46: 31900 | M46: 室温 | N46: 指定なし | Q46: https://www.sigmaaldrich.com/JP/ja/search/12282?term=12282&type=product
B47: シグマアルドリッチ(Millipore) | C47: 12331-500G-F | D47: - | E47: Tryptose (vegetable), suitable for microbiology | H47: 500 | I47: G | J47: 18600 | M47: 室温 | N47: 指定なし | Q47: https://www.sigmaaldrich.com/JP/ja/search/12331?term=12331&type=product
B48: シグマアルドリッチ(Millipore) | C48: 12398-62.84G | D48: - | E48: CP ChromoSelect Agar, suitable for microbiology, NutriSelect(R) Basic | H48: 62.84 | I48: G | J48: 21200 | M48: 室温(20℃±5℃) | N48: 指定なし | Q48: https://www.sigmaaldrich.com/JP/ja/search/12398?term=12398&type=product
B49: シグマアルドリッチ(Millipore) | C49: 13005-500G-F | D49: - | E49: Sulfate API Agar, suitable for microbiology, NutriSelect(R) Plus | H49: 500 | I49: G | J49: 15700 | M49: 室温 | N49: 指定なし | Q49: https://www.sigmaaldrich.com/JP/ja/search/13005?term=13005&type=product
B50: シグマアルドリッチ(Millipore) | C50: 14305-500G | D50: - | E50: Motility Nitrate Medium, NutriSelect(R) Plus, suitable for microbiology | H50: 500 | I50: G | J50: 40700 | M50: 室温 | N50: 指定なし | Q50: https://www.sigmaaldrich.com/JP/ja/search/14305?term=14305&type=product
B51: シグマアルドリッチ(Millipore) | C51: 14432-500G-F | D51: - | E51: Tryptic Soy Agar - Dehydrated Culture Media, NutriSelect(R) Plus, (Vegitone), powder, suitable for microbiology | H51: 500 | I51: G | J51: 12400 | M51: 室温 | N51: 指定なし | Q51: https://www.sigmaaldrich.com/JP/ja/search/14432?term=14432&type=product
B52: シグマアルドリッチ(Millipore) | C52: 14703-31.75G | D52: - | E52: Cronobacter spp. ChromoSelect Agar, modified, suitable for microbiology, NutriSelect(R) Plus | H52: 31.75 | I52: G | J52: 3450 | M52: 冷蔵 | N52: 指定なし | Q52: https://www.sigmaaldrich.com/JP/ja/search/14703?term=14703&type=product
B53: シグマアルドリッチ(Millipore) | C53: 14703-500G | D53: - | E53: Cronobacter spp. ChromoSelect Agar, modified, suitable for microbiology, NutriSelect(R) Plus | H53: 500 | I53: G | J53: 30200 | M53: 冷蔵 | N53: 指定なし | Q53: https://www.sigmaaldrich.com/JP/ja/search/14703?term=14703&type=product
A54: 4548174012277 | B54: シグマアルドリッチ(Millipore) | C54: 14781-500G | D54: - | E54: XLD Agar ISO 6579-1:2017, NutriSelect(R) Plus, suitable for microbiology | H54: 500 | I54: G | J54: 26600 | M54: 室温 | N54: 指定なし | Q54: https://www.sigmaaldrich.com/JP/ja/search/14781?term=14781&type=product | V54: ○
B55: シグマアルドリッチ(Millipore) | C55: 15758-500G-F | D55: - | E55: Davis Minimal Broth, without Dextrose, NutriSelect(R) Plus, suitable for microbiology | H55: 500 | I55: G | J55: 41100 | M55: 室温 | N55: 指定なし | Q55: https://www.sigmaaldrich.com/JP/ja/search/15758?term=15758&type=product
B56: シグマアルドリッチ(Millipore) | C56: 15821-5VL | D56: - | E56: Klebsiella Selective Supplement, suitable for microbiology | H56: 5 | I56: VL | J56: 13900 | M56: 冷蔵 | N56: 指定なし | Q56: https://www.sigmaaldrich.com/JP/ja/search/15821?term=15821&type=product
B57: シグマアルドリッチ(Millipore) | C57: 16016-500G-F | D57: - | E57: BRILA MUG Broth, suitable for microbiology, NutriSelect(R) Basic | H57: 500 | I57: G | J57: 61700 | M57: 室温 | N57: 指定なし | Q57: https://www.sigmaaldrich.com/JP/ja/sds/sigma/16016
B58: シグマアルドリッチ(Millipore) | C58: 16025-500G | D58: - | E58: Brilliant Green Bile Lactose Broth, suitable for microbiology, NutriSelect(R) Basic | H58: 500 | I58: G | J58: 20200 | M58: 室温 | N58: 指定なし | Q58: https://www.sigmaaldrich.com/JP/ja/search/16025?term=16025&type=product
B59: シグマアルドリッチ(Millipore) | C59: 16336-500G-F | D59: - | E59: Nutrient Broth No 3, Vegitone, suitable for microbiology, NutriSelect(R) Plus | H59: 500 | I59: G | J59: 14200 | M59: 室温 | N59: 指定なし | Q59: https://www.sigmaaldrich.com/JP/ja/search/16336?term=16336&type=product
B60: シグマアルドリッチ(Millipore) | C60: 16377-500G-F | D60: - | E60: MacConkey Broth Purple, NutriSelect(R) Plus, suitable for microbiology | H60: 500 | I60: G | J60: 20200 | M60: 室温 | N60: 指定なし | Q60: https://www.sigmaaldrich.com/JP/ja/search/16377?term=16377&type=product
B61: シグマアルドリッチ(Millipore) | C61: 16447-500G | D61: - | E61: Glucose Bromcresol Purple Agar, NutriSelect(R) Plus, suitable for microbiology | H61: 500 | I61: G | J61: 27900 | M61: 室温 | N61: 指定なし | Q61: https://www.sigmaaldrich.com/JP/ja/search/16447?term=16447&type=product
B62: シグマアルドリッチ(Millipore) | C62: 16922-500G-F | D62: - | E62: Tryptone (vegetable), suitable for microbiology, meat-free alternative | F62: 100209-45-8 | H62: 500 | I62: G | J62: 12500 | M62: 室温 | N62: 指定なし | Q62: https://www.sigmaaldrich.com/JP/ja/search/16922?term=16922&type=product
B63: シグマアルドリッチ(Millipore) | C63: 17112-500G | D63: - | E63: A1 Broth, suitable for microbiology, NutriSelect(R) Plus | H63: 500 | I63: G | J63: 20800 | M63: 室温 | N63: 指定なし | Q63: https://www.sigmaaldrich.com/JP/ja/search/17112?term=17112&type=product | AJ63: 408(第1種-461)
B64: シグマアルドリッチ(Millipore) | C64: 17117-500G | D64: - | E64: Actinomycete Isolation Agar, suitable for microbiology, NutriSelect(R) Plus | H64: 500 | I64: G | J64: 38600 | M64: 室温 | N64: 指定なし | Q64: https://www.sigmaaldrich.com/JP/ja/search/17117?term=17117&type=product
A65: 4548173354071 | B65: シグマアルドリッチ(Millipore) | C65: 17118-500G | D65: - | E65: Aeromonas Isolation Agar (Base), suitable for microbiology, NutriSelect(R) Plus | H65: 500 | I65: G | J65: 40600 | M65: 室温 | N65: 指定なし | Q65: https://www.sigmaaldrich.com/JP/ja/search/17118?term=17118&type=product | V65: ○
B66: シグマアルドリッチ(Millipore) | C66: 17119-5VL | D66: - | E66: Aeromonas Selective Supplement, suitable for microbiology | H66: 5 | I66: VL | J66: 17800 | M66: 冷蔵 | N66: 指定なし | Q66: https://www.sigmaaldrich.com/JP/ja/search/17119?term=17119&type=product
A67: 4548173985480 | B67: シグマアルドリッチ(Millipore) | C67: 17121-500G | D67: - | E67: Aspergillus Differentiation Agar (Base), NutriSelect(R) Plus, suitable for microbiology | H67: 500 | I67: G | J67: 37400 | M67: 室温 | N67: 指定なし | Q67: https://www.sigmaaldrich.com/JP/ja/search/17121?term=17121&type=product | V67: ○
B68: シグマアルドリッチ(Millipore) | C68: 17122-5VL | D68: - | E68: Clostridium difficile Supplement, suitable for microbiology | H68: 5 | I68: VL | J68: 22000 | M68: 冷蔵 | N68: 指定なし | Q68: https://www.sigmaaldrich.com/JP/ja/search/17122?term=17122&type=product
B69: シグマアルドリッチ(Millipore) | C69: 17123-500G | D69: - | E69: Elliker Broth, suitable for microbiology, NutriSelect(R) Plus | H69: 500 | I69: G | J69: 40600 | M69: 室温 | N69: 指定なし | Q69: https://www.sigmaaldrich.com/JP/ja/search/17123?term=17123&type=product
B70: シグマアルドリッチ(Millipore) | C70: 17124-500G | D70: - | E70: Algae Culture Broth, suitable for microbiology, NutriSelect(R) Plus | F70: 12125-02-9 | H70: 500 | I70: G | J70: 20000 | M70: 室温 | N70: 指定なし | Q70: https://www.sigmaaldrich.com/JP/ja/search/17124?term=17124&type=product | V70: ○ | AA70: 第1類 | AB70: 硝酸塩類 | AC70: 第1種
B71: シグマアルドリッチ(Millipore) | C71: 17134-100G | D71: - | E71: CPC-Agar (Base), suitable for microbiology, NutriSelect(R) Plus | H71: 100 | I71: G | J71: 54600 | M71: 室温 | N71: 指定なし | Q71: https://www.sigmaaldrich.com/JP/ja/search/17134?term=17134&type=product
B72: シグマアルドリッチ(Millipore) | C72: 17145-500G | D72: - | E72: Clostridium difficile Agar (Base), suitable for microbiology, NutriSelect(R) Plus | H72: 500 | I72: G | J72: 59400 | M72: 室温 | N72: 指定なし | Q72: https://www.sigmaaldrich.com/JP/ja/search/17145?term=17145&type=product
B73: シグマアルドリッチ(Millipore) | C73: 17147-500G | D73: - | E73: Dichloran Rose bengal Agar (Base), suitable for microbiology, NutriSelect(R) Plus | H73: 500 | I73: G | J73: 28500 | M73: 室温 | N73: 指定なし | Q73: https://www.sigmaaldrich.com/JP/ja/search/17147?term=17147&type=product
B74: シグマアルドリッチ(Millipore) | C74: 17153-500G | D74: - | E74: LS Differential Agar, NutriSelect(R) Plus, suitable for microbiology | H74: 500 | I74: G | J74: 21400 | M74: 室温 | N74: 指定なし | Q74: https://www.sigmaaldrich.com/JP/ja/search/17153?term=17153&type=product
B75: シグマアルドリッチ(Millipore) | C75: 17154-500G | D75: - | E75: Lactobacillus bulgaricus Agar (Base), suitable for microbiology, NutriSelect(R) Plus | H75: 500 | I75: G | J75: 21400 | M75: 室温 | N75: 指定なし | Q75: https://www.sigmaaldrich.com/JP/ja/search/17154?term=17154&type=product
B76: シグマアルドリッチ(Millipore) | C76: 17156-500G | D76: - | E76: ITC Broth (Base), suitable for microbiology, NutriSelect(R) Plus | H76: 500 | I76: G | J76: 34200 | M76: 室温 | N76: 指定なし | Q76: https://www.sigmaaldrich.com/JP/ja/search/17156?term=17156&type=product
B77: シグマアルドリッチ(Millipore) | C77: 17171-500G | D77: - | E77: Mineral modified Glutamate Broth (Base), suitable for microbiology, NutriSelect(R) Plus | H77: 500 | I77: G | J77: 21500 | M77: 室温 | N77: 指定なし | Q77: https://www.sigmaaldrich.com/JP/ja/search/17171?term=17171&type=product
B78: シグマアルドリッチ(Millipore) | C78: 17173-500G | D78: - | E78: Rappaport Vassiliadis Broth, modified, suitable for microbiology, NutriSelect(R) Plus | H78: 500 | I78: G | J78: 14300 | M78: 室温 | N78: 指定なし | Q78: https://www.sigmaaldrich.com/JP/ja/search/17173?term=17173&type=product
A79: 4548173919478 | B79: シグマアルドリッチ(Millipore) | C79: 17185-500G | D79: M Enterococcus アガー | E79: m-Enterococcus Agar, modified, suitable for microbiology, NutriSelect(R) Plus | H79: 500 | I79: G | J79: 44300 | M79: 室温 | N79: 指定なし | Q79: https://www.sigmaaldrich.com/JP/ja/search/17185?term=17185&type=product | R79: 毒物
B80: シグマアルドリッチ(Millipore) | C80: 17186-500G | D80: - | E80: PM Indicator Agar, suitable for microbiology, NutriSelect(R) Plus | H80: 500 | I80: G | J80: 52200 | M80: 室温 | N80: 指定なし | Q80: https://www.sigmaaldrich.com/JP/ja/search/17186?term=17186&type=product
B81: シグマアルドリッチ(Millipore) | C81: 17192-500G | D81: - | E81: Peptone Sorbitol Bile Broth, suitable for microbiology, NutriSelect(R) Plus | H81: 500 | I81: G | J81: 39800 | M81: 室温 | N81: 指定なし | Q81: https://www.sigmaaldrich.com/JP/ja/search/17192?term=17192&type=product
B82: シグマアルドリッチ(Millipore) | C82: 17202-500G | D82: - | E82: Phosphate buffer, suitable for microbiology, APHA, pH 7.2, NutriSelect(R) Plus | H82: 500 | I82: G | J82: 27600 | M82: 室温 | N82: 指定なし | Q82: https://www.sigmaaldrich.com/JP/ja/search/17202?term=17202&type=product
B83: シグマアルドリッチ(Millipore) | C83: 17208-500G | D83: - | E83: Pseudomonas Isolation Agar, NutriSelect(R) Plus, suitable for microbiology, for primary isolation and identification of Pseudomo | H83: 500 | I83: G | J83: 45600 | M83: 室温 | N83: 指定なし | Q83: https://www.sigmaaldrich.com/JP/ja/search/17208?term=17208&type=product
B84: シグマアルドリッチ(Millipore) | C84: 17209-500G | D84: - | E84: R-2A Agar, suitable for microbiology, NutriSelect(R) Plus | H84: 500 | I84: G | J84: 33100 | M84: 室温 | N84: 指定なし | Q84: https://www.sigmaaldrich.com/JP/ja/search/17209?term=17209&type=product
B85: シグマアルドリッチ(Millipore) | C85: 17211-500G | D85: - | E85: Rose Bengal Chloramphenicol Agar, suitable for microbiology, NutriSelect(R) Plus | H85: 500 | I85: G | J85: 76900 | M85: 室温 | N85: 指定なし | Q85: https://www.sigmaaldrich.com/JP/ja/search/17211?term=17211&type=product | V85: ○
B86: シグマアルドリッチ(Millipore) | C86: 17215-500G | D86: - | E86: WL Differential Agar, suitable for microbiology, NutriSelect(R) Plus | H86: 500 | I86: G | J86: 24900 | M86: 室温 | N86: 指定なし | Q86: https://www.sigmaaldrich.com/JP/ja/search/17215?term=17215&type=product
B87: シグマアルドリッチ(Millipore) | C87: 17216-500G | D87: - | E87: Tomato Juice Agar, suitable for microbiology, NutriSelect(R) Plus | H87: 500 | I87: G | J87: 39900 | M87: 室温 | N87: 指定なし | Q87: https://www.sigmaaldrich.com/JP/ja/search/17216?term=17216&type=product
B88: シグマアルドリッチ(Millipore) | C88: 17218-500G | D88: - | E88: Tomato Juice Broth, suitable for microbiology, NutriSelect(R) Plus | H88: 500 | I88: G | J88: 33400 | M88: 室温 | N88: 指定なし | Q88: https://www.sigmaaldrich.com/JP/ja/search/17218?term=17218&type=product | V88: ○
B89: シグマアルドリッチ(Millipore) | C89: 17222-500G | D89: - | E89: WL Nutrient Agar, suitable for microbiology, NutriSelect(R) Plus,for cultivation of microorganisms encountered in the brewing an | H89: 500 | I89: G | J89: 27700 | M89: 室温 | N89: 指定なし | Q89: https://www.sigmaaldrich.com/JP/ja/search/17222?term=17222&type=product
B90: シグマアルドリッチ(Millipore) | C90: 17226-500G | D90: - | E90: Universal Beer Agar, suitable for microbiology, NutriSelect(R) Plus | H90: 500 | I90: G | J90: 27200 | M90: 室温 | N90: 指定なし | Q90: https://www.sigmaaldrich.com/JP/ja/search/17226?term=17226&type=product
B91: シグマアルドリッチ(Millipore) | C91: 17274-500G | D91: - | E91: Thermoacidurans Agar, suitable for microbiology, NutriSelect(R) Plus | F91: 7439-96-5 | H91: 500 | I91: G | J91: 54700 | M91: 室温 | N91: 指定なし | Q91: https://www.sigmaaldrich.com/JP/ja/search/17274?term=17274&type=product | V91: ○
B92: シグマアルドリッチ(Millipore) | C92: 17349-500G | D92: - | E92: Lauryl sulfate Broth, suitable for microbiology, NutriSelect(R) Plus | H92: 500 | I92: G | J92: 21300 | M92: 室温 | N92: 指定なし | Q92: https://www.sigmaaldrich.com/JP/ja/search/17349?term=17349&type=product
A93: 4548174007495 | B93: シグマアルドリッチ(Millipore) | C93: 17774-10X10ML-F | D93: 亜テルル酸カリウム溶液 | E93: Potassium tellurite solution, 1% in H2O, suitable for microbiology | F93: 7790-58-1 | H93: 10 | I93: X10ML | J93: 12900 | M93: 冷蔵 | N93: 指定なし | Q93: https://www.sigmaaldrich.com/JP/ja/search/17774?term=17774&type=product | V93: ○ | AJ93: 679(第1種-311)
B94: シグマアルドリッチ(Millipore) | C94: 17776-5VL | D94: 塩酸クロロテトラサイクリン | E94: Chlortetracycline Selective Supplement, suitable for microbiology | F94: 57-62-5 | H94: 5 | I94: VL | J94: 14300 | M94: 冷蔵 | N94: 指定なし | Q94: https://www.sigmaaldrich.com/JP/ja/search/17776?term=17776&type=product
A95: 4548173249728 | B95: シグマアルドリッチ(Millipore) | C95: 17777-10VL-F | D95: 塩素酸カリ | E95: Potassium chlorate Supplement, suitable for microbiology | F95: 3811-04-9 | H95: 10 | I95: VL | J95: 29500 | M95: 冷蔵 | N95: 指定なし | Q95: https://www.sigmaaldrich.com/JP/ja/search/17777?term=17777&type=product | R95: 劇物 | AJ95: 598(第1種-91)
B96: シグマアルドリッチ(Millipore) | C96: 17778-5VL | D96: - | E96: Ticarcillin Supplement, suitable for microbiology | F96: 34787-01-4 | H96: 5 | I96: VL | J96: 24600 | M96: 冷蔵 | N96: 指定なし | Q96: https://www.sigmaaldrich.com/JP/ja/search/17778?term=17778&type=product
B97: シグマアルドリッチ(Millipore) | C97: 17779-10X10ML-F | D97: アピゲニン | E97: 2,3,5-Triphenyl-tetrazolium chloride solution, suitable for microbiology, Filter sterilized solution that is recommended for the | F97: 298-96-4 | H97: 10 | I97: X10ML | J97: 51200 | M97: 冷蔵 | N97: 指定なし | Q97: https://www.sigmaaldrich.com/JP/ja/search/17779?term=17779&type=product
A98: 4548173308012 | B98: シグマアルドリッチ(Millipore) | C98: 17780-5VL | D98: - | E98: Campylobacter Selective Supplement (Karmali), suitable for microbiology | H98: 5 | I98: VL | J98: 14500 | M98: 冷蔵 | N98: 指定なし | Q98: https://www.sigmaaldrich.com/JP/ja/search/17780?term=17780&type=product | R98: 劇物 | V98: ○
B99: シグマアルドリッチ(Millipore) | C99: 18038-5VL | D99: - | E99: Fraser Selective Supplement, suitable for microbiology | H99: 5 | I99: VL | J99: 7690 | M99: 室温(20℃±5℃) | N99: 指定なし | Q99: https://www.sigmaaldrich.com/JP/ja/search/18038?term=18038&type=product
B100: シグマアルドリッチ(Millipore) | C100: 18079-10X10ML-F | D100: シクロヘキシミド溶液 | E100: Cycloheximide solution, 0.1%, suitable for microbiology | F100: 66-81-9 | H100: 10 | I100: X10ML | J100: 14000 | M100: 冷蔵 | N100: 指定なし | Q100: https://www.sigmaaldrich.com/JP/ja/search/18079?term=18079&type=product | V100: ○
...

Sheet Maker
A1: メーカー名
A2: ※必須 ※64文字以下
A3: シグマアルドリッチ(Millipore)

Sheet Ingredient
A1: 成分名 | B1: メーカー名
A2: ※必須 ※100文字以下 | B2: ※必須 ※100文字以下

Sheet Mix
A1: 管理番号 | B1: 混合物名 | C1: 有効期限 | D1: 備考 | E1: 成分名 | F1: 成分比率 | G1: 成分名 | H1: 成分比率 | I1: 成分名 | J1: 成分比率 | K1: 成分名 | L1: 成分比率 | M1: 成分名 | N1: 成分比率 | O1: 成分名 | P1: 成分比率 | Q1: 成分名 | R1: 成分比率 | S1: 成分名 | T1: 成分比率 | U1: 成分名 | V1: 成分比率 | W1: 成分名 | X1: 成分比率
A2: ※必須 ※32文字以下 | B2: ※必須 ※128文字以下 | C2: ※yyyy/MM/dd | D2: ※256文字以下 | F2: ※% | H2: ※% | J2: ※% | L2: ※% | N2: ※% | P2: ※% | R2: ※% | T2: ※% | V2: ※% | X2: ※%

Sheet 薬品マスタ重複チェック
A1: 薬品マスタ重複チェック
A2: 何行目 | B2: 重複 | C2: メーカー | D2: 型番 | E2: 和名 | F2: 英名 | G2: カタログ重量 | H2: (単位) | I2: 規格 | K2: 重複チェック用
A3: =IF(C3=0,"",ROW(A3)) | B3: =IF(K3="0 + 0","",IF(COUNTIF(K:K,K3)>1,"○","")) | C3: =Chemical!B4 -> 0 | D3: =Chemical!C4 -> 0 | E3: =Chemical!D4 -> 0 | F3: =Chemical!E4 -> 0 | G3: =IF(ISBLANK(Chemical!H4),"",Chemical!H4) | H3: =Chemical!I4 -> 0 | I3: =Chemical!G4 -> 0 | K3: =C3&" + "&D3 -> 0 + 0
A4: =IF(C4=0,"",ROW(A4)) | B4: =IF(K4="0 + 0","",IF(COUNTIF(K:K,K4)>1,"○","")) | C4: =Chemical!B5 -> 0 | D4: =Chemical!C5 -> 0 | E4: =Chemical!D5 -> 0 | F4: =Chemical!E5 -> 0 | G4: =IF(ISBLANK(Chemical!H5),"",Chemical!H5) | H4: =Chemical!I5 -> 0 | I4: =Chemical!G5 -> 0 | K4: =C4&" + "&D4 -> 0 + 0
A5: =IF(C5=0,"",ROW(A5)) | B5: =IF(K5="0 + 0","",IF(COUNTIF(K:K,K5)>1,"○","")) | C5: =Chemical!B6 -> 0 | D5: =Chemical!C6 -> 0 | E5: =Chemical!D6 -> 0 | F5: =Chemical!E6 -> 0 | G5: =IF(ISBLANK(Chemical!H6),"",Chemical!H6) | H5: =Chemical!I6 -> 0 | I5: =Chemical!G6 -> 0 | K5: =C5&" + "&D5 -> 0 + 0
A6: =IF(C6=0,"",ROW(A6)) | B6: =IF(K6="0 + 0","",IF(COUNTIF(K:K,K6)>1,"○","")) | C6: =Chemical!B7 -> 0 | D6: =Chemical!C7 -> 0 | E6: =Chemical!D7 -> 0 | F6: =Chemical!E7 -> 0 | G6: =IF(ISBLANK(Chemical!H7),"",Chemical!H7) | H6: =Chemical!I7 -> 0 | I6: =Chemical!G7 -> 0 | K6: =C6&" + "&D6 -> 0 + 0
A7: =IF(C7=0,"",ROW(A7)) | B7: =IF(K7="0 + 0","",IF(COUNTIF(K:K,K7)>1,"○","")) | C7: =Chemical!B8 -> 0 | D7: =Chemical!C8 -> 0 | E7: =Chemical!D8 -> 0 | F7: =Chemical!E8 -> 0 | G7: =IF(ISBLANK(Chemical!H8),"",Chemical!H8) | H7: =Chemical!I8 -> 0 | I7: =Chemical!G8 -> 0 | K7: =C7&" + "&D7 -> 0 + 0
A8: =IF(C8=0,"",ROW(A8)) | B8: =IF(K8="0 + 0","",IF(COUNTIF(K:K,K8)>1,"○","")) | C8: =Chemical!B9 -> 0 | D8: =Chemical!C9 -> 0 | E8: =Chemical!D9 -> 0 | F8: =Chemical!E9 -> 0 | G8: =IF(ISBLANK(Chemical!H9),"",Chemical!H9) | H8: =Chemical!I9 -> 0 | I8: =Chemical!G9 -> 0 | K8: =C8&" + "&D8 -> 0 + 0
A9: =IF(C9=0,"",ROW(A9)) | B9: =IF(K9="0 + 0","",IF(COUNTIF(K:K,K9)>1,"○","")) | C9: =Chemical!B10 -> 0 | D9: =Chemical!C10 -> 0 | E9: =Chemical!D10 -> 0 | F9: =Chemical!E10 -> 0 | G9: =IF(ISBLANK(Chemical!H10),"",Chemical!H10) | H9: =Chemical!I10 -> 0 | I9: =Chemical!G10 -> 0 | K9: =C9&" + "&D9 -> 0 + 0
A10: =IF(C10=0,"",ROW(A10)) | B10: =IF(K10="0 + 0","",IF(COUNTIF(K:K,K10)>1,"○","")) | C10: =Chemical!B11 -> 0 | D10: =Chemical!C11 -> 0 | E10: =Chemical!D11 -> 0 | F10: =Chemical!E11 -> 0 | G10: =IF(ISBLANK(Chemical!H11),"",Chemical!H11) | H10: =Chemical!I11 -> 0 | I10: =Chemical!G11 -> 0 | K10: =C10&" + "&D10 -> 0 + 0
A11: =IF(C11=0,"",ROW(A11)) | B11: =IF(K11="0 + 0","",IF(COUNTIF(K:K,K11)>1,"○","")) | C11: =Chemical!B12 -> 0 | D11: =Chemical!C12 -> 0 | E11: =Chemical!D12 -> 0 | F11: =Chemical!E12 -> 0 | G11: =IF(ISBLANK(Chemical!H12),"",Chemical!H12) | H11: =Chemical!I12 -> 0 | I11: =Chemical!G12 -> 0 | K11: =C11&" + "&D11 -> 0 + 0
A12: =IF(C12=0,"",ROW(A12)) | B12: =IF(K12="0 + 0","",IF(COUNTIF(K:K,K12)>1,"○","")) | C12: =Chemical!B13 -> 0 | D12: =Chemical!C13 -> 0 | E12: =Chemical!D13 -> 0 | F12: =Chemical!E13 -> 0 | G12: =IF(ISBLANK(Chemical!H13),"",Chemical!H13) | H12: =Chemical!I13 -> 0 | I12: =Chemical!G13 -> 0 | K12: =C12&" + "&D12 -> 0 + 0
A13: =IF(C13=0,"",ROW(A13)) | B13: =IF(K13="0 + 0","",IF(COUNTIF(K:K,K13)>1,"○","")) | C13: =Chemical!B14 -> 0 | D13: =Chemical!C14 -> 0 | E13: =Chemical!D14 -> 0 | F13: =Chemical!E14 -> 0 | G13: =IF(ISBLANK(Chemical!H14),"",Chemical!H14) | H13: =Chemical!I14 -> 0 | I13: =Chemical!G14 -> 0 | K13: =C13&" + "&D13 -> 0 + 0
A14: =IF(C14=0,"",ROW(A14)) | B14: =IF(K14="0 + 0","",IF(COUNTIF(K:K,K14)>1,"○","")) | C14: =Chemical!B15 -> 0 | D14: =Chemical!C15 -> 0 | E14: =Chemical!D15 -> 0 | F14: =Chemical!E15 -> 0 | G14: =IF(ISBLANK(Chemical!H15),"",Chemical!H15) | H14: =Chemical!I15 -> 0 | I14: =Chemical!G15 -> 0 | K14: =C14&" + "&D14 -> 0 + 0
... A4000: =IF(C4000=0,"",ROW(A4000)) | B4000: =IF(K4000="0 + 0","",IF(COUNTIF(K:K,K4000)>1,"○","")) | C4000: =Chemical!B4001 -> 0 | D4000: =Chemical!C4001 -> 0 | E4000: =Chemical!D4001 -> 0 | F4000: =Chemical!E4001 -> 0 | G4000: =IF(ISBLANK(Chemical!H4001),"",Chemical!H4001) | H4000: =Chemical!I4001 -> 0 | I4000: =Chemical!G4001 -> 0 | K4000: =C4000&" + "&D4000 -> 0 + 0

Sheet Sample_Ingredient
A1: 成分名 | B1: 化学式
A2: ※必須 ※100文字以下 | B2: ※必須 ※100文字以下
A3: 成分1 | B3: AB3C4
A4: 成分2 | B4: 3(DC4)EF

Sheet Sample_Mix
A1: 管理番号 | B1: 混合物名 | C1: 有効期限 | D1: 備考 | E1: 成分名 | F1: 成分比率 | G1: 成分名 | H1: 成分比率 | I1: 成分名 | J1: 成分比率 | K1: 成分名 | L1: 成分比率 | M1: 成分名 | N1: 成分比率 | O1: 成分名 | P1: 成分比率 | Q1: 成分名 | R1: 成分比率 | S1: 成分名 | T1: 成分比率 | U1: 成分名 | V1: 成分比率 | W1: 成分名 | X1: 成分比率
A2: ※必須 ※32文字以下 | B2: ※必須 ※128文字以下 | C2: ※yyyy/MM/dd | D2: ※256文字以下 | F2: ※% | H2: ※% | J2: ※% | L2: ※% | N2: ※% | P2: ※% | R2: ※% | T2: ※% | V2: ※% | X2: ※%
A3: 123456 | B3: 混合物サンプル | C3: 43860 | D3: サンプルです | E3: 成分1 | F3: 20.5 | G3: 成分2 | H3: 50.45 | I3: 成分3 | J3: 29.05
A4: abcdefg | B4: 混合物サンプルその2 | C4: 44341 | E4: 成分AAA | F4: 30.4 | G4: 成分BBB | H4: 69.6
